TripId,Category
992a3e5a-8d6b-439b-83af-f381c4782709,Care-package
1a47b7bf-5524-47df-b07c-9cb31d4efe7f,Cold-chain
8c629b52-d0bb-476e-9187-67748ccd27e1,Cold-chain
97ec7cf2-542a-405a-9107-91c8c52bd2b2,Care-package
88197633-41b9-452a-905c-8b5f22183d94,Cold-chain
5989b11a-e0a0-483f-96dd-5777bca268c0,Cold-chain
e1979998-ede5-4577-9335-e4447d5c2b25,Care-package
a74049b3-03e6-4a7f-94c4-7df336acbecf,Cold-chain
01fa2973-445e-4c5a-ae76-a389ba780ba6,Care-package
0e93b29d-3753-40c2-80d7-fe45dd92544c,Care-package
8f27e08c-c8bb-4868-bf97-cc0959af2661,Cold-chain
52bfbc59-8be2-4dfa-aace-bbc835b46b64,Care-package
18816043-3bae-4a76-ab4c-84c829101435,Care-package
08b446a1-983f-470e-a45b-035869103444,Care-package
1a262a4f-6f5d-4889-a292-9eb50d42af80,Care-package
41670ff8-046d-4a1c-9360-2be3335f8fc4,Cold-chain
2ef1c81a-af73-4c43-809b-7d2fe8e0361b,Cold-chain
5c1749b4-5cd9-431b-aa16-0cf771fe2ad6,Cold-chain
85c5e3d5-5579-4f29-ad8d-45bd586b3b1a,Care-package
010b5958-693c-4a86-8db8-e9e91d301ce2,Cold-chain
7d0939c6-84f0-428f-8cda-4d75935ea698,Care-package
297a0645-ce62-4b4a-b0a9-0539828ddf2a,Cold-chain
b99bc2fc-705d-4190-876e-2e60a1da8d66,Cold-chain
17b2c47c-2fef-4aed-8bae-e346c6245938,Care-package
99ee0116-b837-4d81-8bdc-f05603ceda24,Cold-chain
a0a5fef6-aa2b-4dc6-ad27-34a3dcd491e0,Cold-chain
286f8a72-ced5-423d-9028-3f5295d24157,Care-package
fdfa4ec3-1f7d-466e-9209-6374e7a776a0,Cold-chain
9384b62f-1d59-417d-96e6-3daa5e6186b5,Cold-chain
b4d9e364-a6ae-4c3d-ae40-8ed5714b52d2,Cold-chain
8eeffc95-1a2f-4829-86bd-92215a67638d,Cold-chain
1eecabc9-3cb9-4ea3-b006-6f31fed8b8a5,Cold-chain
c9504603-4da9-4a86-ba82-f8a12724e262,Care-package
2458f495-9325-4a51-b154-2851d10dd55b,Cold-chain
473fd53b-c6dc-40e0-8e8e-8e30ac8767df,Care-package
90ea00eb-c9a7-481c-889a-daea2d35580d,Cold-chain
6b7351f1-39c4-4f16-b67c-70f4d21726bf,Cold-chain
63bc629a-1cf9-4a34-bc6f-614eca4ccc1b,Cold-chain
c298e152-fdbc-46bc-86ac-206ba8749718,Care-package
4691d71f-0200-48b3-8a9a-e0d3fdd1679b,Cold-chain
5080be26-cf6b-4b9a-8a84-b98bb280fb81,Care-package
689a5aac-0d22-444a-9507-93ec9fc83ebf,Care-package
b22e5768-b6a9-4cee-b610-17d2c685ce57,Care-package
db22945a-ecca-48ff-9c65-f5947f6275c9,Care-package
18a666cc-acda-4bbd-9c9d-2d1143573b72,Care-package
c939abe7-d056-4fa7-9c66-9b059111c3eb,Care-package
98653fd0-ea55-4e92-85ab-2575286f4f22,Cold-chain
04bf7394-758d-4cc9-8f02-4192e0412c7a,Cold-chain
2a9bfcbd-939b-400d-9123-1d441ace08c9,Cold-chain
634a6892-b82a-4a0d-863b-98d2a0ea2ca2,Cold-chain
f76be0ea-0173-4a40-a240-07b4b9c9d10b,Care-package
52b7d9a0-be45-44eb-996a-9225f65e05bf,Cold-chain
55667a50-be92-4407-b67e-8aac359f822f,Cold-chain
75573b1f-7c97-4c18-93fb-98d893a247f8,Care-package
c2ff6a8b-6f69-4b35-8ac3-55567bacb643,Care-package
754273e3-2e32-4654-94a0-08934f913e7a,Care-package
8fb94f17-cef7-4d40-a66e-809aee5da735,Care-package
453dcaf5-9bbc-4070-a553-83858e6ed896,Cold-chain
25936e2b-b39b-448d-a928-b1d26e70fb74,Cold-chain
6072560b-1bda-4643-a83c-8bbf635eae61,Cold-chain
961c4d45-14f8-407e-a5ce-7094ce08a56a,Care-package
b8446c7c-5db1-46c6-91f3-1dd0216bade8,Cold-chain
0c75115c-5507-4bb8-ab13-7916d0c3434a,Cold-chain
066efc88-1c38-48dc-a3bc-4265e5d54ec9,Cold-chain
935b9e83-15e5-45a2-bf21-cad701f95a8e,Cold-chain
71b3bac1-b788-4ab1-9680-0fa3d868e43e,Cold-chain
ea9e4574-c42e-4300-a3f2-5b40d66eceb1,Cold-chain
38bab4a3-db66-422c-947c-c4519bcf4f08,Cold-chain
3a19ed6a-f00f-4849-aa8a-1b2cc7249fce,Cold-chain
ad8af78c-c16c-4533-8d8c-9c9096a2e5b4,Cold-chain
e59a310f-dd5b-47ec-aad8-50f18448818e,Care-package
eb552179-30fe-44ef-afd3-2df8449f5c26,Care-package
c2b5c55a-68a5-42df-8369-4c8625e077fc,Cold-chain
197b3aa3-2f71-40ed-a3c6-3677cc9c5c11,Care-package
8f573b24-f481-431a-8d0f-895260c49c45,Care-package
63e553b3-01ad-45a9-8aac-5102dae8809b,Cold-chain
11fa7205-b76d-4d1e-a017-42b20124e901,Care-package
bc9c9074-f1ff-4d26-a547-c31dc9a11b38,Care-package
ab3d2407-fd8d-4517-9a90-12d6978e7368,Care-package
37ac8a7a-6076-4f21-94b3-cc0f9a914863,Cold-chain
ffac786e-ebe8-4eff-9a46-8f50f8f99a04,Cold-chain
b62e78cd-4893-462c-9240-974c6ca9337c,Cold-chain
e903f222-e18b-49fa-ad39-609cc834ce35,Care-package
7280ea0f-38db-4789-97f5-0ba2ec03682f,Cold-chain
9d5871ce-8e18-4176-934c-9be3fe73b13b,Care-package
2e140b2c-4564-4df5-a179-a1890b9dc531,Cold-chain
9da4666b-22de-41d2-9725-6e163a4adfc9,Cold-chain
e6683b82-2532-4870-990f-50bfd4500b82,Cold-chain
45e94776-ffeb-40ee-9bb7-7241d43d9910,Cold-chain
3d6e874e-6f82-4468-b5cb-a1d61c44ed05,Cold-chain
640fe58c-6864-4c69-8943-b4e56ac46840,Cold-chain
60d28b8f-3956-410f-b7c7-f8b0407f49d3,Care-package
ac2e12c7-6bf0-46af-8766-5381c63420a4,Care-package
edf14a8b-ab28-4441-810b-3260a1e94241,Cold-chain
f7931da7-7819-427a-ac96-fd1004d00a96,Cold-chain
0ea2028a-2da2-4438-afbd-2b731ff7f72e,Cold-chain
f96c01f1-db21-4eed-8483-e9e2e3905cee,Cold-chain
10ebd439-752b-4c84-949d-0c4d56931c5e,Cold-chain
9a4d32d0-7912-4082-a5f0-5b34100b2aba,Cold-chain
56daf94c-32a7-4231-be29-88b3cd526248,Cold-chain
167560f2-7e49-405e-8a41-b17c02906db1,Care-package
dc9be4ed-143e-40ec-a52e-52de05de2dc3,Cold-chain
134288d0-4da8-4b9d-a6d8-0c101605ee86,Cold-chain
14b75c05-3fed-4549-9002-34a1ce93ecbb,Cold-chain
244393de-e817-484e-80c9-05c2618df64d,Cold-chain
4579db4f-a827-427e-b6ab-d56cc442a68a,Cold-chain
426695dd-86c2-4692-b786-e94d4fcad803,Cold-chain
d49177c9-44f6-48f8-a3cc-d10a183fea16,Cold-chain
f0b70cb6-2eb7-4c67-9523-e9119226e0a9,Cold-chain
1d01ec9b-7c0f-43d7-8ccf-2737fc978e76,Care-package
c3e0ebd9-2e56-4117-9ad9-a39e95ccc471,Care-package
f41a2135-c56b-41b3-a7f7-2a844da80ffb,Cold-chain
d5a0d2da-483f-40a9-b18c-6087f0e4563d,Care-package
8bfcc509-cebb-41c8-a200-515d1ca08e1c,Cold-chain
7fc53876-98b3-4fd4-8135-e96056ca64b3,Cold-chain
1be98ddb-ae8d-42f2-93f1-09adb90e4629,Cold-chain
8a7b988e-6f07-4e78-a2cd-4d14e4e2f6ef,Cold-chain
7d00f1b3-9623-44da-85ee-81fe40e52fe4,Cold-chain
c2c1680d-446b-4770-9c7a-3af071c56e6c,Care-package
1fd0a3d9-b6b7-440a-8579-70132d7287b5,Care-package
3cc9883a-1213-4438-94d3-24e3cbc26e66,Care-package
2f4a9ec7-de93-4621-b365-9d011133810b,Care-package
1df6ab8a-e824-40da-ad59-66ba27a79995,Care-package
bd1a3ae0-79f2-4e42-87b5-1aa0eaaf03f1,Cold-chain
50cb2b1f-73db-435c-bc0b-839e9e2e6f73,Cold-chain
0a220460-ff75-46c6-9c78-e3839120061b,Cold-chain
cc53a452-8e6b-4b65-be99-5fe1b0780a43,Cold-chain
7aa55b62-c9fd-4300-afcc-795490b9b4f8,Care-package
b257c881-e8ef-4c61-8f34-3ffd931a5457,Cold-chain
da4cdad2-416f-4e36-91fe-d2498f87cbbc,Cold-chain
38b44c44-f3c1-4fcc-8d7d-5607493151a0,Cold-chain
750a6a1f-b1bf-47e2-8942-4451782eb35a,Cold-chain
a60eabbc-4e98-4e18-9050-2186544114c6,Cold-chain
ed77ac9a-e586-4bd1-bc28-75e7bbd14d9f,Cold-chain
d54bf374-dfc1-4bb2-a525-1866a23b7c69,Cold-chain
b3c60f1d-3dbe-4888-a65d-984a92ea3c7d,Cold-chain
ddffcce4-4295-4e76-aea2-4cbfe6786443,Care-package
6cd8b387-b5be-4bec-aa79-50e0be913bf5,Cold-chain
f0b83455-1f2c-4a33-a44c-f8346a4dee25,Care-package
8e58b2ec-aade-4779-b648-d719db0256e7,Cold-chain
f12d10c6-443f-4994-955d-32c1ace2e9f9,Cold-chain
ddf8e0d2-2a6b-421e-a110-2d6c7563a017,Cold-chain
c44eb588-a82d-442f-8f84-e71b8d41a965,Cold-chain
d8d1e1de-3c8a-4e4c-a04a-d88b39c19ea2,Cold-chain
57dc7175-5c58-41a2-9e46-240560d2c746,Cold-chain
77fe3cd5-51e8-42f8-94b4-2831f94d8945,Care-package
16ce221c-d2b3-45fe-af32-86e7b2198102,Cold-chain
2b740d98-dbcb-46c4-90ce-a4ae164f87f4,Cold-chain
997a0971-09e7-4e86-8b9f-45caeb95c5e1,Cold-chain
81e4fa48-2969-49dc-8681-e0420fe19227,Cold-chain
4e5dadff-f842-4547-8109-82f9fc7eac8f,Care-package
065307d6-7a7a-4b3d-ba31-d5fef15a5981,Cold-chain
7ee8ef84-cc24-46dd-a61e-6c80748a99d5,Cold-chain
fe22ff89-9283-44cb-88c0-a70eef6feeb5,Care-package
5c4bd6c2-682a-42e3-ae86-fe4b2af16594,Cold-chain
60c746de-18c7-4c5c-bf0d-e69016e93e89,Cold-chain
52cd9cdf-58ec-4b6d-9300-345ef22bc259,Care-package
59a78eaf-9515-457b-88b8-3780f63df5d9,Cold-chain
a87f1bee-a92b-448b-994d-bd3366c4b036,Care-package
8755e9cd-6fe5-4599-bdee-1c4ecb83b564,Cold-chain
bd693d77-e3b9-438a-9d93-76ca7bbad4f2,Cold-chain
116818fd-2b7f-44d8-b585-11d7d481b2fa,Cold-chain
8175cc4e-4d5f-407a-9937-7951d2cd2b4f,Cold-chain
5080261f-91e3-4a5a-b84f-299cfd62240d,Cold-chain
024a3a17-a9b4-4b42-bcab-650c5189bba8,Cold-chain
db7a2d12-79ba-46c3-a856-741792169b57,Cold-chain
1c59be63-bbff-45d0-803f-9fd56fb708c8,Cold-chain
1dbf596d-c91a-4301-bd91-f948088c10f3,Cold-chain
cd972b85-9f3b-48d6-b89c-49a0eb827b39,Cold-chain
cca3f9a6-98a8-4efe-9dad-a525b0a6751d,Cold-chain
f3225fd6-4877-4433-b031-fa819eb51c6d,Cold-chain
4ce7743d-651c-49c9-a340-24bd3ae058e3,Cold-chain
a284b70c-daf7-442c-98b8-bf5123a101ef,Cold-chain
5f9fa10b-7523-4616-9054-00a9b6c34f35,Cold-chain
910244b3-dd3d-47ef-8631-be2e979abbe5,Cold-chain
7cbe810e-d827-4f47-a406-15ed54af0101,Care-package
23d30781-1083-466b-a409-5cc8b40059e6,Care-package
ad39f12f-a329-4db1-b445-05a74757f358,Cold-chain
9f76c208-78aa-409e-92d3-e165b0324850,Cold-chain
566f855b-1caf-448f-a2de-96103581d301,Cold-chain
d5ba2e48-1a4f-4bbb-9f67-136a6c073504,Cold-chain
5e22485e-fa82-4ff6-8696-848a33b8ba36,Care-package
72b6bba2-df54-4d1d-959f-e8d610ffa9a3,Cold-chain
22657bc1-8164-4fee-b0a3-802317290e62,Cold-chain
f9cc76b6-739c-4129-91a4-86bb53407578,Cold-chain
d95c5040-4b3b-46d1-934b-fab58e020a15,Cold-chain
320dd5a7-96eb-40c7-b6c2-0a0e28bbe8cd,Care-package
eddb011a-afc5-4670-b627-b8eeb9811eb4,Care-package
4a1683bf-ad17-40dc-bb9b-160546cd4292,Cold-chain
ce867375-c54e-47d0-b491-1b0ac5770bf9,Cold-chain
e7a754de-826a-480f-affe-20fbe0993b59,Cold-chain
9df766e4-17f3-47ac-9467-5cb5010c0a60,Cold-chain
aee26945-f668-4fe8-8743-36f25fc155bd,Care-package
1b94d4a0-4e20-4cea-9f64-5bb07d9d16bd,Cold-chain
d6df407c-4066-4d80-a8f9-f32f7da141cf,Cold-chain
fd1e29c0-7098-4ab0-9517-40c3e6a23bdb,Cold-chain
f2faabd9-7468-4f61-8fd6-84a037ebd480,Cold-chain
25005418-e621-4a1c-9565-37b298938b78,Cold-chain
cd349c99-db27-40eb-855f-d5da27a617c4,Cold-chain
9815a83b-3850-4096-9f7f-69cd0be064ff,Cold-chain
ade114f3-e8af-443f-95b3-e52eaba57434,Care-package
42067c50-9626-4d98-bf57-4ab9c3cdd3b4,Care-package
d56f1f67-843a-46c8-a91d-b140f56d78a3,Care-package
aaa1804b-b248-4952-b55f-1cc5c7cb0ec0,Cold-chain
08a5dcad-6d3c-4c69-b09a-7c9a485f6b03,Cold-chain
9a1d480e-cdbc-4647-97f8-637cea6c93e1,Cold-chain
be7a8804-4ce0-4b9f-a256-6ea1deca5caf,Cold-chain
d7d73454-0da8-4138-8969-8a19fd0e7733,Care-package
663beb45-3471-4382-89ef-4c929bad2fe0,Cold-chain
a7811035-da5b-4674-8b83-64d491e70ceb,Cold-chain
0e5ee5a9-2bed-410d-87cb-ec0981218fb1,Cold-chain
d89ce1db-500d-4721-8169-544a6b0f5b36,Care-package
b3dc71e6-7a68-4bfa-a91b-6cf52b13dddc,Cold-chain
1761f0f8-e2d0-4f67-bbc9-35aa69f17e3b,Cold-chain
9c88d19b-ca30-40cb-aef7-c799d71deaeb,Cold-chain
c69d1fe1-4a7f-4d9c-b71e-92beb43554a0,Cold-chain
bae141cf-6ca8-43fd-bda0-458780ca47a3,Cold-chain
a39ed856-922f-4622-bb73-d580ef568be3,Care-package
8b47554d-8cf6-4e79-8812-730d432a19ae,Cold-chain
47bd3ba4-5077-482c-a198-6f67adc7eff9,Care-package
5e2a2f7b-a91b-43db-953d-b30589c52ed4,Care-package
772f5f27-59a6-4728-b98b-6686d9aa094b,Cold-chain
b296f795-d203-469c-a0f8-8df750edf502,Cold-chain
3c92c129-d232-4831-aebd-50b7062293d5,Care-package
60c41273-09f7-4725-804b-de81f8721466,Care-package
afbc4a78-3ce2-456c-a86a-c709ac6fde0f,Cold-chain
8b88e3cf-c044-4616-9af1-ab38520207c7,Care-package
90f65e41-03ae-4a49-af00-db162b563e4f,Care-package
92431ad6-ecf4-4925-8fbf-4681bd4effe4,Care-package
cd035553-c7e3-4e64-81dc-737084aec5b5,Cold-chain
7f6a4277-71dd-42be-a91c-c8af619fb5ca,Cold-chain
20fef21d-276b-43ad-9f09-292e48c6d372,Cold-chain
1d8d1b2e-58cd-4f7c-820d-3864e5e431ed,Cold-chain
6a11bc0c-ae91-4476-a8e8-4a7c7f590f94,Cold-chain
dca6300f-9a7c-4f5b-8196-329a8a9f479c,Cold-chain
9f728d66-3262-4389-83e9-0dd705a96bf8,Cold-chain
c34972b1-e379-4a4d-acaa-b6558b066c03,Cold-chain
6e97db2e-5e98-4bb4-a5ba-fbdf14aac28e,Care-package
c2e0a262-86e2-4035-8a35-ed4c22b2f237,Care-package
65c45d4a-5ff6-46ef-8a4c-38df87d33851,Cold-chain
66436ab6-994b-4284-851b-f487f136c7d5,Cold-chain
f35150e2-8c95-43bf-97a6-a81325ce2e67,Cold-chain
aaf93cbf-de60-4498-9097-65f65d21880e,Care-package
07df4227-b026-4fd1-a420-7e6b8bccf8e0,Cold-chain
07ffb37a-7717-4c05-8930-04684052e285,Care-package
664f8d21-f103-4192-b505-f0c5f60cdcf7,Cold-chain
58f94176-391e-4b54-90c9-c5c20ac585b1,Cold-chain
dece06e7-73cf-4dc1-9d92-95a946f0aa8a,Care-package
a7ae2194-d8aa-4288-af6a-ff23c0f5fb76,Cold-chain
481dc3f4-c4c0-4be0-85c9-072ea3168944,Cold-chain
7778d4b1-ed48-41e6-9186-c134fd9e9aa6,Cold-chain
6a9d3a64-5bdf-4737-b4bd-8467a232fb74,Care-package
e1993231-dd86-41f0-bbaf-f7773333d927,Cold-chain
5db9df6a-86d1-4b66-a5f3-821a87e1c0fd,Cold-chain
ce91ca69-5cf4-448b-bd86-5832c39f818a,Care-package
07f2f584-a24a-4d02-ba38-20a21f0065b6,Cold-chain
3a10eb0f-ab01-403a-b27f-d91cbf69def6,Care-package
0c1f2a04-aa4b-47d6-bef5-10a93ea870ce,Cold-chain
0b4e6c32-c8eb-4645-9777-c2f47437d830,Cold-chain
80c4bdc6-318f-4fff-8f8f-6f5e5d9c6304,Care-package
363f87bb-157b-4fcc-9ec0-294bc4a361c3,Care-package
8b370920-4876-4c0a-ad10-c191bda0931c,Care-package
555c787b-34a3-4389-b03a-a212f16544cd,Cold-chain
8e547f99-298a-451f-a95c-042d875fed48,Care-package
5e544b87-0338-466a-b5e4-2e84f3d1614d,Cold-chain
123e0a05-04bc-4bde-8d4a-7c28450acfd2,Care-package
cb5f4845-bf8a-4187-b488-294e7256cec3,Care-package
2a9798b5-e973-470f-ba07-fc4394c875db,Care-package
fb09070d-03f2-4d62-b005-9be453646967,Cold-chain
4be6dbb2-af80-4f36-a078-1dc57fb2d781,Cold-chain
f4ccd0ce-0c81-407d-b58a-4be64b263198,Cold-chain
8e24edc2-6754-4326-8243-bcaf77aa85b7,Care-package
433f1dce-c731-4c2b-b3f5-2598d82787be,Cold-chain
43a5c74f-0267-4552-88ad-009b73f70610,Cold-chain
fd8b7bb9-74b4-4abf-8c85-a59f484feadd,Cold-chain
4c605eb2-d351-4c8d-9664-1b242f8deef7,Cold-chain
266b2ef8-fd43-47ab-b536-747465948931,Care-package
19abcc6a-5cae-485a-a883-0d02ee5d405d,Cold-chain
fc7c5f5c-fbe5-4374-ae0c-042c4f91d47b,Cold-chain
595ba4b2-961d-41b0-a741-08977a94b302,Care-package
aa6e0c84-9c25-4ecf-993f-ccb9e5961682,Care-package
5a2bdc70-b0d6-43b1-bdc0-9ba3277ab56d,Cold-chain
30ec11bb-aff3-4ea7-8970-1530ef4d8623,Cold-chain
00b6c9f0-02e6-42d4-87e2-1f6c89b3565c,Cold-chain
c179d749-3294-4389-a6c0-ab5f7f110bab,Care-package
9b2110a2-49c6-4830-8d8e-acf5a27e0108,Care-package
63a48eea-4c1d-4924-bd2e-b13d62d6288e,Care-package
0408a822-74fc-4574-8a7e-e95928053a16,Care-package
230f6920-b5b2-4acf-9d02-b3f2026ad968,Cold-chain
d66d9de0-69aa-4217-9ce7-e3203e41afa9,Care-package
b2c443f1-83a5-444e-ad8d-12c1f71622a7,Cold-chain
8ac0d05b-5a31-4259-9c6f-5aa6bb760499,Cold-chain
3b47eee6-8e71-45a3-aa2d-bda7da593c25,Care-package
3edddfa5-4040-42df-8de4-9022f1c68594,Care-package
618875ac-3091-4644-981d-58054b09fb91,Care-package
56ff4502-89ea-47e0-a1df-279e2e6e1631,Cold-chain
a85983ac-d5b9-4f57-a820-e8fc5853c754,Care-package
98c8682d-77b5-49dc-9682-08d1d2d86ab6,Cold-chain
ac2b78f0-b8f8-45f9-9c14-1843ca88a163,Care-package
6d1b1cce-660b-4d73-badb-7a6aaae61796,Cold-chain
b0904342-930f-4aa7-9ad6-aa153d5eb693,Cold-chain
22942508-c96e-4279-bd6e-76b9405d9c4d,Cold-chain
9c037ce7-1378-4ebb-91eb-990196e3145a,Care-package
c8e78070-4796-488c-84b1-01060ca39f1a,Cold-chain
abe9d1e5-099f-466c-860d-c7655c3193ca,Cold-chain
f7cefd52-0ca7-4a5a-8d1d-ed0c47b40bf0,Care-package
ea43721f-7595-4144-95fb-42f8d3a4b418,Cold-chain
7c84e0ad-fe07-4b9a-9cf9-a696f92a9423,Cold-chain
97b4d7e1-09d6-44ea-8244-e2602cf5fd5d,Cold-chain
a7161316-4078-414a-bc9b-895f5a92b511,Care-package
666dc5be-fc0b-4fb2-9934-212cfb38a21f,Cold-chain
aeb55f7f-6c69-4c96-af4c-beffa561a39d,Cold-chain
d3560829-69e4-49f4-87a5-f94a593df9f6,Cold-chain
80faad40-a583-4006-9762-0d9360652e6c,Cold-chain
9c38967c-a1cd-4c37-9779-e38ffbab6726,Cold-chain
5651714c-e1b8-4266-aec7-04e269b7d9e3,Cold-chain
63496d54-499f-4384-b2bc-f8da960aa1c9,Cold-chain
1e39a41d-0a79-4e73-8240-e15351f38e35,Care-package
2a5bc06c-b713-4c07-a9bb-4bb995e449f8,Care-package
bcd0e357-82d5-4438-81a5-1c05df4499f6,Cold-chain
9d329236-a610-4d92-bff8-c03c6cccbd30,Cold-chain
122aca62-4785-4051-8623-38d2c86133de,Care-package
9dccfb6f-40f0-4785-abe4-6f2b23f7695d,Cold-chain
0bc043fc-7c94-4ad5-b2f2-c5268645d8a7,Cold-chain
15eb097f-67c5-489d-9326-6e031c371f34,Care-package
4ca7d914-39c8-4229-8c03-c91aac5a5287,Cold-chain
4b513307-2c4d-4d10-9443-ff6d773f691b,Care-package
833a5f66-e125-49ac-a2bd-b6c19fb1f2cb,Care-package
1cb279de-b130-4e29-95c9-4b0ab73b642e,Cold-chain
0ee98655-8ca5-4d91-92fe-cc1931bcd4b7,Cold-chain
b1ebe1bb-08e1-44c3-9ab7-c497e15de4d3,Cold-chain
f75c9f6e-0039-4c2f-a128-62c5c414114b,Care-package
f12fa2da-5d6c-48b1-8df4-5d4a4928fee2,Cold-chain
4a2a3d07-d719-4e00-9d42-992f8768ad83,Care-package
1a394224-43a9-4411-9147-45fe990d8671,Care-package
f0a601b7-0c95-462e-9663-3f992a1bcf7f,Cold-chain
80cb8ad2-037f-462e-955a-ab6ff1541930,Care-package
b3e57738-3263-456e-ba51-c99a24444e03,Care-package
bf73beda-5e0f-43fc-99cc-4cd33b885ba6,Cold-chain
55754b86-9a30-4d51-8823-d14ba3451367,Cold-chain
79234303-7f14-4b79-bf63-473f8a103355,Cold-chain
1273e75c-f844-4499-8dce-8ac5cea06c83,Cold-chain
f94a35f3-628d-4d86-a309-56ba45762c85,Cold-chain
37a11d1f-453a-404a-aa63-4a348b82158e,Care-package
4f4fc081-6dc1-412c-9cff-a76f94e849a2,Cold-chain
8eda8db8-0754-4e24-8beb-0902571c0a56,Cold-chain
a223223b-042a-4a0d-9476-e2d5904ee686,Care-package
054adfb5-1e68-4b0a-a7c2-0a299e6a73d9,Cold-chain
5d0faa2c-f660-4a0f-91ba-b8231d50ef2a,Cold-chain
8c77897b-3381-4786-9e9c-3bf5351205eb,Cold-chain
c44a70a0-92f4-4f41-ae3f-774f0cc2eb4f,Cold-chain
a52be1e0-3c53-477d-9794-4dbaf321ea3a,Cold-chain
2af5d0e4-e421-4d57-b852-e4b3fb376da7,Cold-chain
0f4e0825-4723-449a-bab2-3179f5085ad3,Cold-chain
5de82793-327a-48be-9284-637ddb5374ca,Care-package
06e310e1-1386-4286-aa37-20717e7c5330,Cold-chain
c6af759b-b6dd-4eaf-af30-493071f9553a,Cold-chain
f9a84688-2e93-4851-a129-f03993439374,Cold-chain
872421e7-007e-4823-966e-f2aa700d12ae,Cold-chain
7aecaf4b-66f4-4d74-bbb1-71ddb109729b,Cold-chain
e799f25a-624b-4588-9a21-6f688af92295,Care-package
7fede8ce-d95a-4b08-b829-0dc350a7cae8,Care-package
4e88ca10-db72-4a28-b5ab-467c5d410fb7,Cold-chain
0d40f8f2-6c01-43cf-8778-9ad55a678dfd,Cold-chain
abbeb0ee-5671-49ad-8fba-7c56a164854f,Cold-chain
74299699-762b-4282-a8e8-b98fcea48865,Cold-chain
77c0290d-2b38-4676-a172-9d894a62885b,Cold-chain
2b60ce37-2baf-40a0-a0c3-55c14313cc04,Cold-chain
9039a4d4-f543-4980-88ff-4fbe313af1ad,Cold-chain
66d051bb-a9f5-4271-96d9-38f62b926821,Cold-chain
ba7b79bf-f56f-4349-bef3-0ddcb0c36c39,Cold-chain
a097ce4f-7fb5-4e9f-94c9-a245e0ee42b4,Cold-chain
f85287fb-c276-4998-b863-fbb0a41c7ec0,Cold-chain
cb2735a3-34e3-4b4e-b77f-282ea118aa19,Cold-chain
7a8b3dd3-7a11-4175-8851-13fd120486fc,Cold-chain
d07c9a56-087b-483a-b90b-c0c74ead9431,Cold-chain
6d1f02c3-381e-4844-bf39-845290803209,Cold-chain
2d933e92-4cde-40b3-8c28-98ffeba2b45b,Care-package
707aca42-24d2-4430-9225-1f4b674281e7,Cold-chain
615fe362-8206-4f3f-9dc4-084e80e7a655,Cold-chain
6c8210d3-1aa8-4b4a-9697-c0986e3da310,Cold-chain
58ea57f0-d73c-44be-8311-fb1d7fed4e2c,Cold-chain
44986a74-7ff4-4905-ba8f-29ef9bc3dbaa,Cold-chain
1efb6405-3435-4124-a040-289dc972abf4,Cold-chain
3dc6b830-6fdf-4451-a289-2de56c20cd4f,Cold-chain
65787569-7cf9-45fb-ad20-bea9603edce8,Cold-chain
7d88127b-c5c2-4e57-98da-574f4b59f5e5,Care-package
c7e4c817-b525-4b69-80c3-7eee73f1c846,Cold-chain
7340afed-93a4-4bd3-a62b-e5b1c644b395,Cold-chain
9633735a-bdcf-49ac-ab88-8baae1d56eb3,Care-package
ed995770-ee37-46db-a647-fc836288f0ce,Care-package
476b96f0-57a8-4f6e-86ab-a193ba692002,Cold-chain
e2484f30-b488-458b-a884-257befe6e45c,Cold-chain
8e58e981-abf7-4e25-93f3-a906ccd5c760,Cold-chain
d4e81014-0bae-4852-aa5c-3507a045d739,Cold-chain
d929dd26-322e-489e-88d1-4659c43b4635,Cold-chain
c122c671-ac1f-4ea6-8523-b4b4571f8102,Care-package
83ca44d1-1b80-4af4-9db2-59780e2389e0,Care-package
303df416-0f19-452c-b050-8282bd4cb8ee,Cold-chain
4c63c3c5-6353-41a1-b4cc-7db54edd8e6c,Cold-chain
00a74b6b-6521-4487-8dfb-7796f127e598,Cold-chain
3055a156-c32f-4f08-8d3a-a4c4d120694b,Cold-chain
b6015560-a8aa-44ac-b769-6f5270ad5d98,Care-package
deecfdf4-2f60-473e-908f-364361700448,Cold-chain
4a7771c3-2268-4af2-837a-89601436ef45,Cold-chain
f0c9ffa8-8264-476d-9e89-d32a588dc4ba,Care-package
71581faf-16b6-4460-9fd2-c8cdd40698da,Cold-chain
bb81e7ea-79d0-42e3-94fc-cef90a252a9e,Cold-chain
1125bc91-1489-4e8c-bcb7-8b506b20249e,Cold-chain
4b00f787-0d46-4ed0-b322-924c2307e087,Cold-chain
9b87cba7-aa0c-4b49-9c1c-ae26211a4713,Care-package
70b6f191-04f4-4608-a461-d07703df2c14,Cold-chain
676a7240-b802-4137-a8a3-ddea7130af83,Cold-chain
74dcffd1-35e8-430d-ad64-448b8cd2e7f5,Cold-chain
692f0aa9-92af-4983-9b7b-f4fce393e9fe,Care-package
7c5bfa9d-4f40-4786-a82b-d93d52d3c4bf,Cold-chain
2ec84817-c6ea-420b-abed-61aa1abd1b43,Cold-chain
f00a7088-b467-4224-b850-9cbd757a87b2,Care-package
c7b632fe-5bca-4cc8-92be-2633988490aa,Cold-chain
436b5ea6-97ac-4407-bb1c-08f1b35dc82b,Cold-chain
f38f39f3-ff83-47e8-bf9f-bc1472211de4,Cold-chain
ad4a123d-c86d-4c21-9ffd-add48a4e3470,Cold-chain
2091130e-5a8c-4334-9571-38e00dd39df9,Cold-chain
5563725f-3472-4f8d-8dda-d10e30bc4f5d,Care-package
01801ebf-e334-4836-a6da-750a28ccfda0,Cold-chain
48a76950-9c33-48c2-9af0-24a29006b46a,Cold-chain
59f7f0e0-523c-4c14-9d21-5e6fb3e84463,Care-package
4ef37fbf-847c-44bd-9757-f272828d8fd7,Cold-chain
f6c4e1a8-95af-4b41-8f4e-b7b4e8d6c10e,Care-package
72078a28-628f-4471-b9de-6fade8c920d6,Care-package
710437fd-99d7-43f7-ba17-d5e3cf816cbc,Cold-chain
91c4a7b2-dec9-4397-9343-170056c6f43c,Care-package
4839ef3f-efeb-48eb-8043-f192f5be7894,Cold-chain
a2d9b221-14b1-498f-804a-9afca286c9b0,Cold-chain
2af915e4-04d4-4efe-be0c-13787715e235,Care-package
11ed5f29-0599-4a8f-95b1-818847f144c6,Cold-chain
1e267bc5-af77-4655-8906-2d859545bf6f,Cold-chain
e1e1fcb0-89fe-4664-a223-2d2586530e6c,Cold-chain
998b37f6-b840-4dfe-a9a1-c36b02253de7,Cold-chain
619fe932-a2f5-45be-8f86-4d626e3d1c34,Cold-chain
ff3d7c58-a9a5-4139-aae8-836a478d4da5,Cold-chain
32a5a2cb-8860-445c-aff3-4234cdffce06,Care-package
f7ee40fe-bca5-4b9c-b919-07da7f60a941,Care-package
94b91baa-4d3b-4227-8fed-d072ba0832af,Care-package
4f5ff792-7beb-4893-9ca8-8886b297d496,Care-package
a6a2039a-8c44-4344-95fd-f9a058461e34,Cold-chain
f5878df8-8d42-4426-976b-3c6bfa4e7b97,Cold-chain
0c690a2a-3e3e-4f30-86fe-d1391b0754f7,Cold-chain
837f2014-4a5f-4205-aeb9-2818e019c140,Cold-chain
a8cfc2c2-a7ef-4370-97e6-1180c58963e1,Care-package
35bff5f7-025f-49a3-86c0-31b7952400e9,Care-package
e6bb18d0-9ed0-4468-b178-32e967609421,Cold-chain
d57e9713-855e-4089-8da9-aef2b4ef4acd,Care-package
6d18a37f-d4d0-436d-8447-baadd5f338d9,Cold-chain
0ea75dc2-b8d3-48d2-af89-0649855a41bb,Cold-chain
c64ad78d-41f3-4163-8a71-6250c57ccb00,Care-package
0942e679-c002-4b2c-9dcf-50e6f64608aa,Cold-chain
0dc4a866-d1b7-409d-b4ab-85100ac1f787,Cold-chain
6ac4f82c-7bbf-4468-880e-08e5b1f5755f,Care-package
d0413ed0-c205-485d-8660-d82a33b0c1a1,Cold-chain
2c2eaa9b-bc2f-445d-bbd2-03a8777a8555,Cold-chain
9a14f798-9212-4fab-a1aa-c16015f36575,Cold-chain
dceb54bb-06dc-413a-b47c-f928ae70d05d,Cold-chain
0d7ca5f8-e4d7-44db-91da-059372cdb839,Cold-chain
784499a6-1c5c-47ce-868d-41ea6d4b3b08,Cold-chain
62272c95-c0d5-4741-ae4e-a6e8043fefd3,Cold-chain
5a2442ac-9e80-432f-9ee6-d6f5028be0b8,Care-package
f7489f92-3717-447d-92f3-c6c747fd3456,Care-package
5b969b67-4f8e-4634-b7b1-87c13475391c,Cold-chain
3f593b87-363e-498e-9f60-04c65d4ce30e,Care-package
0622dd94-582c-44e6-88a8-1b488e99dc89,Cold-chain
5d5658d7-f1f9-4293-b365-e526b54b49ca,Cold-chain
daa7119b-b4cc-40de-a76e-47c0aaf2c8ac,Cold-chain
1c66233c-0d2d-4a8c-a439-9375f607b362,Cold-chain
43023d5b-8c48-4d6b-a283-9bb389d45d1e,Care-package
13e0032b-2a3f-48e8-bf42-99d2f0bdaee6,Cold-chain
b74441b0-8e92-400d-b172-a24533143015,Cold-chain
a81dc11c-9731-4754-8640-3518bdb464ac,Care-package
f48efc74-f5e1-4483-8488-c847d41cccd5,Cold-chain
a2f8e1b7-bf79-4490-bdb9-1059f5886bcb,Cold-chain
ae7fc5fc-6e98-4816-a5b6-05740105206c,Care-package
5ffc3cfd-d50e-4737-a9b0-08298bb3766b,Cold-chain
e70deb6b-51e4-4489-80b2-e21558600fde,Cold-chain
b0fb9b7e-9870-48d7-a91d-728e0adee000,Care-package
00f45d4b-7eca-4944-a2af-ced323858f29,Care-package
e0db7425-e51b-4c41-9f5e-d3f4a2409d88,Cold-chain
89b3ae73-03ce-4a35-b095-8c9ff2b3e203,Cold-chain
532b8798-1f44-4a52-a412-12a9c1a03484,Care-package
2f6aae73-f639-472d-a034-e82b246afcd5,Cold-chain
f36d78a7-e75d-4943-b919-c05b369e814e,Cold-chain
1fe57b93-908c-404d-91d9-acd072d33eb3,Cold-chain
a9cb2ffc-cd88-4114-85f8-658ce22b99f4,Cold-chain
796a3015-37e7-4f50-8553-017bca56842d,Cold-chain
5fea71d8-f62e-499d-a010-721b895edc76,Care-package
9c9f29a0-65df-4a00-9d9b-348eca1cc296,Care-package
6f929295-ff79-4b3b-8c2a-e65a12a66d67,Cold-chain
0180053a-06ac-402e-be1d-be95e2cbf169,Care-package
34d79890-7513-4145-8d54-a58281788828,Cold-chain
74d1fc39-2b6d-4a76-9bc8-047199f2e7e7,Care-package
cb0d1a6f-a627-48da-bddf-276eeb650272,Care-package
9be53179-950f-4af5-b40c-6f6fa808497f,Cold-chain
12dd4bc7-e4bd-4096-b209-6da44bee280c,Cold-chain
6d7aa446-4ea4-4685-bda6-71e747debe22,Care-package
163a64ed-d995-4f06-a10f-93221c054e86,Cold-chain
9483029e-3e94-44d0-9914-27904c868e77,Cold-chain
924cfce9-3702-4eee-84fb-14fd2ac786b0,Cold-chain
7077d2f5-a7fe-4cf4-a57e-76dfe6cfbfe1,Cold-chain
97dbeae9-6b8c-458c-ba9d-14882a9ba471,Cold-chain
4bdc4469-9e62-447f-8a76-c6b677e05d93,Care-package
bd69470a-c275-4b78-b6fd-84ee5bc81f99,Cold-chain
6069f6ca-ecdf-4368-9c16-2b43cfaaeabe,Care-package
20ce7d70-7fa8-4531-966a-ffd7021a5cf7,Care-package
fe5fabf7-e568-4ced-b8ab-6c4cb4837628,Care-package
94bcdae1-7046-4a76-a550-fd9317ddc2e1,Cold-chain
2a600115-aa27-4bc9-90a3-a4e81fc501b0,Cold-chain
589fc682-fc85-45fe-b841-e61b0f6b2a9f,Care-package
79b45e6a-4317-43cd-a6e7-f63dbd9104d0,Care-package
fdeb1b39-6fe6-44ab-ac48-942968d2099f,Care-package
a05fc8ef-2cc8-48a8-bdac-956e7ff84915,Care-package
912054f1-39cd-48bb-95c9-8d2575a78841,Cold-chain
7f2711da-829a-44e4-9a83-815ab50d176b,Care-package
091dcc10-9f8f-4a58-b567-034a7e3a5bf0,Cold-chain
070df7ad-4bea-4d56-8037-9a9c151b5275,Care-package
32e65cb6-1cbf-42ad-8652-46c8c08189e4,Care-package
b5647257-e498-4263-8959-738674b660ef,Cold-chain
cdfdc557-0ecc-4820-8a49-302ae1ba57a5,Cold-chain
1bad9ce9-a0d0-4ac2-bf70-271cb30a9bb7,Cold-chain
16fc6844-5ab6-44dd-9fd3-b1dd75978dd9,Cold-chain
972cbff3-6b5b-41be-afee-b44d98a16019,Cold-chain
c0bea178-025c-4c50-a45b-b11da232ce46,Cold-chain
ba0f8864-11cd-4547-b598-4368cc5c63c7,Cold-chain
85791067-0e90-48ac-a1a2-e0b649faef1a,Cold-chain
0f6bef7d-638c-475f-aa36-7ebcbbd0f65c,Care-package
dde826cd-a9df-4613-a771-d5f2c3638c9e,Cold-chain
484bae75-364a-4e15-9116-859be045c8ee,Cold-chain
bf484b83-f79a-4f9c-b966-79e8e3413acc,Cold-chain
e010cbc0-0f94-4d26-9a40-f0a708f390d6,Cold-chain
8f40c43f-2450-4fd4-a2a5-55f00dede30d,Cold-chain
e0c85b8e-0ef2-478c-9637-6c881a4efabc,Cold-chain
98971ae9-ae4f-43a1-b33d-7e428cd06192,Cold-chain
a8ec7aaf-8cd7-4548-99ce-77b5f503454f,Cold-chain
9ffd4b19-d96c-4d8f-b9d1-6d86273f627c,Cold-chain
f3be1e26-7c50-4dfe-9708-556a1fc9b1c4,Care-package
1b2e6df0-dcd3-475f-b8f0-483a585f2e0a,Cold-chain
392feb6a-1d7d-4c2b-a0da-d9b226a898e0,Care-package
06d20270-6837-49f2-bc45-481185db1a82,Care-package
0d5ead92-6ea2-4417-b490-82d9455b59f1,Care-package
3ed13f26-00a9-47d1-9d89-27418c4213ab,Care-package
c30792d7-585e-4ca4-b19d-5f8c948706a1,Cold-chain
3f353502-e16c-40b1-8c44-1cb168fa7277,Cold-chain
2f795463-9629-4fef-ab09-dbcd999db67f,Cold-chain
ede91aa8-1bb9-496f-a2c2-88e9b6595dfe,Cold-chain
e116bad8-87be-476b-922e-6ce0829bd075,Cold-chain
a6f7d432-e2e8-4d24-a3ae-058aad2ea1c7,Cold-chain
798ca75b-9154-4a8c-b1dc-28a14cd66e35,Care-package
47c1500b-ff4b-4fba-b295-e5aa607e46a8,Cold-chain
3ab079b3-97ea-4d46-8959-b275ac978d38,Cold-chain
6d2f46df-1b62-4afb-b725-dad97c025302,Cold-chain
ebd01e9f-272b-4300-bc16-b154246dacab,Cold-chain
f0dc9c81-2ddb-45ec-a41c-72abf274cf50,Cold-chain
bdd595b9-1b46-42eb-be9a-5e46e97015a9,Care-package
fd6c73f5-2b54-436e-b4f9-d8e7b614d9b9,Care-package
4f77bf29-d370-40cd-845c-5214e1ba526e,Cold-chain
2c4eb4aa-405b-436f-a54e-8bba17087620,Cold-chain
7be09ce6-dcda-46b9-82c8-797e179c6567,Care-package
0427570a-16d2-432a-8f1a-f2fb432d25ce,Cold-chain
8daa3ca0-d6e4-4a2a-88aa-fd0a02d4a03f,Cold-chain
efc6fe39-7bce-4e82-992d-a21fc5cb934c,Cold-chain
e6fdd1fb-2569-4d31-bbbd-6b642f4dc1bc,Cold-chain
11fb2ff6-7d27-4688-8919-d3abf4d1b5a3,Cold-chain
59949eb0-f4ad-4a21-963a-5272810089a7,Care-package
a9d9fa46-4cca-49f3-abb2-c3aa30c4b914,Care-package
17d40095-ada4-4993-b04a-9935b028aaab,Cold-chain
00d82e15-fc67-49d8-881d-7c92b579a26e,Cold-chain
727ca852-a9d5-42d9-abb9-e0a41ae860f3,Care-package
52093859-1b8e-4f84-b964-50f0a4482455,Care-package
2cc54321-4f87-4de5-87c2-4c0389997240,Care-package
505a5186-d07e-46c2-8154-bc133b694b04,Cold-chain
ece1edc3-eb0f-4481-afb5-f73108b30eaa,Care-package
322a85d2-ebbc-465d-a118-2ba4911f6b4c,Care-package
2fbbb8ba-318f-4f61-98c0-0e6bc259b8c4,Care-package
a7fc83dd-7a41-44c3-99fd-15e8be92cebf,Cold-chain
77c41702-b13c-49fb-a722-e812035893e2,Care-package
d672f0ca-1fd6-473b-8aa7-b8abccdf35e9,Cold-chain
b844a71c-e1fa-411a-9837-e43ad7581ede,Care-package
f5e67455-7ddd-4405-9f70-4be0e86d5aa4,Care-package
b6c767a5-96f2-4219-bacd-63e0ed364368,Cold-chain
d34650a6-29d1-49f7-8add-3d19e1f86d24,Cold-chain
6011c5eb-653d-4d56-a39c-be9d64b9a6be,Cold-chain
99ad01fe-01c5-452e-817c-de4566975a52,Care-package
c94a5b54-9654-4cdd-bb05-e4c527d921e0,Cold-chain
2fcd5a7b-168d-4ec8-a02e-47e2e270afff,Cold-chain
8d74fbe7-1e51-4cc5-995a-53fd2c02d00e,Care-package
99bf6670-8d15-43fd-9d7d-67de7fcf4eb9,Cold-chain
5d0d5ad1-36f9-4283-863a-d7136f45912e,Cold-chain
7fb3c034-71c9-4e36-b16e-c8ba311923ed,Cold-chain
acf72fb4-1bcb-4ea1-8434-73c72e04a0e2,Cold-chain
ad19b0f4-3f26-4a59-b18c-21ed728b967b,Cold-chain
431d71ae-4987-43d8-8242-77d6fe9d21bb,Care-package
39702a82-7a1e-463f-ab1c-0fed8057ec25,Cold-chain
1e61f1bd-7ee9-4952-97d0-71ae83c53db9,Care-package
bc9374a1-43c0-4e59-85cf-0fbfe6cb7b43,Cold-chain
17ee839b-8fb0-4e95-b734-7056ec5cbfa3,Cold-chain
163a59d2-763b-41cb-8d6b-da043f0b93e8,Care-package
c4d3336c-d92c-4778-9af2-f7a9fb852c20,Cold-chain
963de7c6-4ce5-41da-99b8-6179ec6a9446,Care-package
a37cad5d-5934-4d9a-bbab-0f8595952ae7,Cold-chain
ca409aae-29c4-471e-84f8-e4a4dfcaa3c3,Cold-chain
b6af1928-fe7f-4a6a-b664-f7f70f68cb70,Cold-chain
c65d56ec-25f5-499a-9885-0515d36f3b64,Care-package
93b68152-2b42-4a7c-8db8-97a67975c62b,Cold-chain
26a131a5-0bc0-4c69-be4c-a23b9e05fca7,Cold-chain
c5923df4-20ab-4dad-a59d-72744e3c3ba4,Cold-chain
f885c042-5888-4b0c-85dc-3f6003be2245,Cold-chain
c34904d0-1818-4e3b-89f5-b42200dc8378,Cold-chain
ffa6ee07-0b98-44f7-9491-6f11aab8816d,Cold-chain
e4f96e6a-bb9d-4bf1-af90-f235ab738833,Cold-chain
e4c0fd3f-8aaf-47c7-a476-b0e5b08b27fb,Cold-chain
314ba524-cdb7-40f4-b357-c09069232184,Cold-chain
57e25bd8-6747-411a-b75d-b4da74fcaeaf,Care-package
0ceea4f3-05e6-4134-bf5f-7449f831570b,Cold-chain
cea7f5fd-d68b-4530-a723-e85f8e39faf1,Care-package
59008ba2-9a18-4d88-b1f0-bfc516be3f3b,Cold-chain
158f2934-5bc5-41e6-8704-ac57c9b215e7,Cold-chain
0d3bebf2-50d5-476b-b48e-cd2c7d01adad,Care-package
90a06853-069f-45af-82e9-4fa771f2957e,Care-package
40762bd7-e98d-4588-b466-56f073396f87,Care-package
2dbaaadf-812b-4c1a-87f7-fc35b086fb5e,Care-package
f88ac3b0-8cd5-4829-89bb-88215dfe58f3,Cold-chain
e31ce6d4-ab0a-42d7-9cff-485a4e88a550,Cold-chain
0f53bd56-108a-4921-9d53-15bf70698bc6,Cold-chain
264ee302-05a6-40ae-8305-cf714f7bb167,Cold-chain
63cc8798-fc01-453b-a818-00a3ca5c927d,Cold-chain
faa9f2e7-825a-4696-9f37-b1668a75afa7,Care-package
ff8d42fd-018d-41a3-9b9a-66c7b0cf4060,Cold-chain
1a196060-113f-4392-a691-3fcd18a7ed6d,Cold-chain
ad3093db-7110-40c3-b533-1a4aa1142243,Cold-chain
2baf0759-74ee-44a4-9805-6a9ebce4e5d4,Care-package
a4c1e95f-6a8b-4b6b-963e-96f6635eb52f,Cold-chain
48287d1a-5165-478d-aca7-9b5af89022e1,Cold-chain
65d871b9-07f3-41b7-9022-d61325d62408,Cold-chain
cbdc0302-e6c7-4440-81c8-21b155c0fe61,Cold-chain
7ce30ddb-9815-470e-8224-2af52248a562,Cold-chain
c65b3040-c6ca-4f64-a069-c808b045a074,Cold-chain
493c78ff-dc90-4da4-afdf-bb052d9f9d0b,Cold-chain
fa5ab2e0-7c16-4259-be15-03dbc7a71406,Cold-chain
e7e62c19-bc11-4fdc-9b1a-fa76c81679c0,Cold-chain
741eeb84-236a-4be2-b727-f278b73b9246,Cold-chain
77272e5d-397c-4391-9da1-86701e21e3bc,Care-package
5f69253f-5cfb-4a7b-9350-ea807e6e39b2,Care-package
041a7d92-36a7-4b1a-afea-49b8262e9428,Cold-chain
51c1f669-eeca-4dff-9847-24a2c573e184,Care-package
1b5f99df-0027-49b7-a9eb-e1bfe51bf81b,Cold-chain
490616c1-d6bd-4079-a310-8b40d2d079dc,Cold-chain
5ccdb173-f1a7-42e5-960c-f472ee18b6bf,Cold-chain
5e88618a-5837-46ce-975e-fd0caa4bd27e,Cold-chain
95d5a4dc-96ca-4e97-8799-9757088dc7f2,Cold-chain
9ee0a6ee-eb32-437b-b91a-77aaeb69e3f2,Cold-chain
118e4ce0-5413-4e1c-a5f4-6347a82274b1,Cold-chain
b172546b-ba91-40b3-97f3-cca05947de5c,Cold-chain
13969805-bc4b-48cc-96d6-1a4fca90bec2,Cold-chain
e5c0148f-adfe-4fc8-b4e4-d380c5b1866f,Cold-chain
69c57c2d-a682-4201-8112-2b23d9145386,Cold-chain
f4e82551-56e9-4ca9-9084-4e24baffff61,Care-package
fe7af33d-b303-445d-aaa2-8713374347d1,Care-package
8b90988a-f68e-487e-ae89-b40adede47f7,Cold-chain
b40d90fe-4481-4b97-a915-e5e3b13d2648,Cold-chain
9fc26f02-a8c8-46cb-b39d-997a5c880c3b,Cold-chain
a7e76900-2d47-4904-b3fc-a93ca1f4c0ed,Cold-chain
f202a24e-3b0f-4e04-b7ae-6784909ec993,Cold-chain
c00eef2b-8757-4d9e-b86f-a5f958bb09b7,Cold-chain
b94f295c-4039-4a4a-b4b9-df370602d1ef,Care-package
1d5b50c7-9d3e-4f57-bc3d-77db67840f13,Care-package
6b1c837e-a46a-4bbb-91e4-f6f2ba9707b8,Cold-chain
760afcaf-7d68-4d3c-81cc-7097d3d19f48,Cold-chain
69e87bc6-d734-46d1-8e12-2e0d9c9e593d,Care-package
9458da6e-d9ed-4bed-a748-ec3a634cd6ed,Cold-chain
43fa774a-2b7d-446f-b51e-d0e0f3db5960,Care-package
c465c30a-06bd-488f-bbd0-cc3fda136261,Cold-chain
380c32d6-cb58-4576-a7fe-06a8635b5195,Care-package
e671319f-1871-4738-98ae-2ec43734200f,Cold-chain
13400fe0-4abd-45a6-bdbe-e0ebf92c9f77,Cold-chain
59c30bec-74a6-46f4-bcbd-b77d554afdb3,Care-package
0dc0c8e8-a862-4b32-842e-5aa7bc3e5d35,Care-package
ae71a9d8-e788-4e69-b75e-85888b4853f5,Cold-chain
803b5300-eedf-4570-8633-f97126480ac7,Cold-chain
5f516dbe-4033-4f20-9e0a-ca3be4134d62,Cold-chain
d886538b-f8c3-4ef0-b6b1-bbdefef334d1,Cold-chain
a610bb69-960a-4124-b015-31a4baf4c084,Care-package
ce5ae5b8-ac28-4a8c-b179-8abeaa25bde3,Cold-chain
ccdd8911-0ff6-43b4-80af-4efddc3b2c88,Cold-chain
3e7d4f64-26d7-4212-a0c1-9c9bb8ef8df2,Care-package
3a2434a2-0041-45f4-aa76-052c05c9928d,Cold-chain
78449cd4-b478-4f1e-a73b-82bafc69ce5d,Cold-chain
bbeaf121-2feb-496a-88ad-44540e826c04,Cold-chain
5f2cf019-40ad-4465-83b2-942ff44cb626,Cold-chain
5f500e40-d12c-4eac-91f2-2a4877181b75,Care-package
4f469bab-f484-484f-bbc3-43fd67dbb464,Care-package
faab9ea0-2481-4271-af74-d23cdfa8246f,Cold-chain
4bd91928-93f0-41a4-b749-44270cebdd14,Cold-chain
692d9939-34ad-46e0-82a9-951bac3941f5,Cold-chain
4f1bcfae-2b4c-4d2d-979c-f7b070cbf7a7,Care-package
1bd4112c-ae7e-464e-a552-43a5f2f272fa,Cold-chain
e50d3542-5016-4979-ad2e-9df2bb3d545a,Cold-chain
bec9c9e7-eb3c-4163-8cfd-46493e3a8854,Cold-chain
b04f7adf-c4da-4545-974d-a7d33d5e71ee,Cold-chain
7581d21f-1adf-4519-8b35-b060c412f8e2,Cold-chain
33ada446-37fb-4b68-bc07-04f44fe71457,Cold-chain
de2e60ab-45df-411a-adea-9bdebbd9a828,Care-package
2d16b7d9-7de2-47af-a833-dee31bc6ad55,Cold-chain
7dd9792b-1dd2-4f65-86aa-2e721e13d6d0,Care-package
2952b9fe-a74e-4da9-85e5-d7eb0ee388a3,Cold-chain
ecbb33b4-fa57-42f4-9522-3898af537c05,Cold-chain
1a297186-35c1-48ed-b7a4-b9ae724c6994,Cold-chain
d6800adf-dd63-4b4e-9487-44eaef907695,Cold-chain
31df7804-09d4-415f-8d72-3213e220ab80,Care-package
0d6fda28-0fcd-459f-9107-1ebffb1595d2,Cold-chain
5a9092dd-9a02-431a-b776-f4e4f887d9a2,Care-package
316b7d25-eb4e-4f9e-ba55-469b8e0bfca0,Cold-chain
a0c78ea7-26de-4294-8b68-af3c665b7f05,Care-package
d1718e60-cbbd-4ef8-bbdf-56c7eb7a3375,Care-package
048fc5f7-acdd-42ee-b59c-2bebcc91a7d7,Cold-chain
94e135db-af5a-4b19-a7fe-a4c4e7337728,Cold-chain
73d38502-a0f8-46e6-93c6-2a7e86946e03,Cold-chain
78654895-aec4-4d34-94dd-3e3441a70eb1,Care-package
bb620f5a-0511-485a-abe0-83ba4a45ac06,Care-package
6e6427ce-5214-4782-a571-706b97717314,Cold-chain
1095dec0-deb6-4fbd-826d-2703f9ac619e,Cold-chain
97807a60-2ad5-4a9d-a91d-4e14fc60d9cf,Cold-chain
2e2733a6-4f9a-49d2-9dd7-b3edf6a9df2f,Cold-chain
fd18ee21-2e79-4c76-b8f7-e1d5caf77f4a,Care-package
5ed8ea50-2de9-4d2e-9289-0db910fe1e0d,Care-package
84c72154-2276-4e17-b840-2ca4d6c907b5,Cold-chain
25ff4db1-5678-42c0-b4cb-4562d4af9f4a,Cold-chain
426b9812-dcd6-45f7-9839-4dd2fd4444dd,Cold-chain
f1f17886-51cf-4de8-9e1a-cd0733249ea8,Care-package
1377d7a9-d014-49c5-afa7-106b48e2b29f,Cold-chain
87937207-2f4f-4627-b164-4c128e0fd0b6,Care-package
6027bbec-5a97-407f-9fff-4e1af8e406cd,Cold-chain
6f657acf-d898-43c2-8e60-79de35e4512f,Cold-chain
6aebdf9e-4f60-4036-9e22-803f44d09c74,Care-package
4d256f7f-2fca-4f1f-8953-a4fcf7942fef,Cold-chain
ade993e4-7355-4be0-aa77-1ae85b4a2081,Cold-chain
42ca73c1-6ece-439d-9014-b4c7136c064c,Cold-chain
ee2abba0-62fd-4ee7-a51d-e8f6a59bc1b0,Cold-chain
cc6b30ad-c2fe-46c1-a167-d2eb7f20d275,Cold-chain
c2111c5a-0e62-4b90-9330-52d1498b174c,Care-package
425646ba-22ea-4f19-9f6e-46f01d629026,Cold-chain
9583400c-e385-4910-ba75-4289986975fd,Cold-chain
1f564bd7-6693-4b3f-8013-5a7102b24075,Care-package
e6e89945-6676-4e85-a008-78e5f781c4d6,Cold-chain
df419a2f-ec7c-452d-846b-8d8c0a47c00e,Cold-chain
2975554c-18c6-42ee-ad69-22905133593b,Cold-chain
15cc85a2-5ca5-4f1a-8ecb-b7a169b4ac85,Care-package
862c99e9-ecc8-4d12-b44d-dabc2035d812,Cold-chain
7487a1c0-2217-4593-a2b3-aade6b4a0d93,Cold-chain
19193cdf-0f1e-4460-abc3-4af82e2dfa21,Cold-chain
3ca4187a-bfdb-4407-8607-5cc1f339194d,Care-package
d93b5a72-ebb4-4dbe-8f19-27a8b8d64f24,Cold-chain
0f33bd04-1b92-4265-9983-b65c9bad7ead,Care-package
3545179f-82a7-4aa4-a274-f1b5c34cf48e,Cold-chain
9c11fda5-e339-4bf0-a696-879f217ec56d,Cold-chain
a9b8e9f0-c72f-408e-ac8d-939e5a57fcaa,Cold-chain
e857de97-3b7c-47bf-8c23-6605b2db6c1b,Care-package
50e91858-ca06-45f9-b13a-db1468a21b61,Care-package
0d7727fa-2c77-4d20-89d8-8df3c14d9a75,Cold-chain
97d10623-587e-4918-8b47-3e670fc38368,Care-package
bfff593c-acb2-477d-8b45-ea620a947204,Care-package
27d9ac82-daf7-4a69-bef6-e0ecb351e886,Cold-chain
6f4580d0-4bcf-48e1-b943-39b9dc517588,Care-package
7fef4c29-625c-4ef4-8552-d6bd02bfa304,Cold-chain
ae0e3af5-8e7f-4e57-bcba-05532ebadc05,Cold-chain
397704ba-fc34-421d-825d-1eb332f298fe,Cold-chain
35f2c325-cbd1-48d4-8126-8cd343d254bd,Cold-chain
20972abb-ab3b-42e6-99e0-441d0500b94b,Care-package
f58b1138-9ae1-49f5-86ae-6a9851f13809,Cold-chain
26d1968c-4b3a-4433-804d-6f6615a4375c,Cold-chain
a20c2cb3-385d-4b90-88f0-eb02fb61fa3f,Cold-chain
dbf2e05d-ffba-444a-a097-14ea8a084677,Cold-chain
a18b3228-a628-442a-895e-90b342dc1b15,Cold-chain
0c00340e-99e9-4b49-ab8a-6dbaf590b77a,Cold-chain
d6eb792c-1887-4e12-97d7-00b47cc6cfab,Cold-chain
1e4c5071-b91d-4b79-8be6-21e3e5d576b6,Cold-chain
9e17906b-01ec-4a3d-8ff9-c44f08b71ee5,Cold-chain
c71b31fb-e3b1-494c-b301-9da1b4cca46a,Care-package
dcc9ae57-f269-43e8-a497-84266438efc3,Care-package
c9a7ce88-2029-4db8-ba37-c95401184817,Care-package
2dbbde7c-58a8-4d49-bf77-7dbb6df0787d,Cold-chain
cacc8be9-42b0-4ca7-acc8-ec1c629f8e59,Care-package
42df8c7d-6c37-4f96-b42b-16ea3dffa541,Cold-chain
966b204e-5afc-495e-9175-835a93e48caa,Cold-chain
f7e9861b-6100-4bfe-bf3e-e177462d8874,Care-package
7709c009-ef50-426f-99fa-9f27949cf338,Care-package
644e81de-31bf-429c-919d-234f4fb831d4,Cold-chain
56a1d1c6-8a50-4d6c-b684-9b09f3523e6b,Cold-chain
df314c1a-3d44-43eb-a7ea-419e98098c80,Cold-chain
b6e3328f-0236-43a1-8a76-3842e2c2044b,Care-package
d25bf304-f86f-413b-8bc3-e3b53b30929d,Cold-chain
e81aab52-99fd-4959-b81a-111af1763601,Care-package
3055fa31-27e5-4153-89a6-6e0ab6295811,Care-package
e7462956-d260-44a1-bdc6-92ab080afe61,Care-package
462066ec-5647-485b-ae5e-e57c11d49863,Care-package
8e69c46d-21f9-4f63-b63e-c14dcda88211,Cold-chain
97cdb3ce-6303-4656-a622-451cd0288089,Care-package
ced93e6c-67aa-4084-afd7-cb5f8bed390f,Cold-chain
26ee9807-bb96-47bf-adb7-fd07b9149cdb,Cold-chain
568ba299-db83-429f-b0dc-7dbcea2dd103,Cold-chain
8d2f8c40-9907-4a84-9624-fe064aff5f89,Cold-chain
83abd533-1a19-4837-bbbe-092e7e49f957,Care-package
ff28c5a4-8ad5-4def-b182-da67f358edf7,Cold-chain
47ce0471-a9f4-4b4a-aab4-e7a7913bf0a7,Cold-chain
92260078-006e-40e6-b5d9-b34b9d50c5c3,Care-package
745ee22c-7f54-4ac1-a48c-146265d241c5,Care-package
4b94659e-e931-4b4d-a64e-c8e790e55635,Care-package
903a5c58-dae2-4cc9-9f7f-aadb5f57922e,Cold-chain
a97e94b5-49d1-4777-a89b-0b4a38d4e3ce,Cold-chain
bb79a80d-9913-45d6-b104-c26a4e079674,Cold-chain
cd7bfcf7-0038-4dd0-a71b-87e52d894a86,Cold-chain
7e3d6bbd-76de-4aee-b263-d56a173a7463,Cold-chain
63041848-5495-4ea5-b08c-b3bcc53798ec,Care-package
fb17786e-8758-4340-a306-d4a65df9dfdb,Care-package
79491b0c-98bf-4cbb-a5e4-0bebed7bdebc,Cold-chain
bd339357-63f0-4569-902b-22a5fe0f72bd,Care-package
6f8f6ad0-5a31-4bc2-830a-2dbd74c6fa98,Cold-chain
3f25cbb0-b0df-4ead-a9d7-18d662b7cc58,Care-package
60a2539e-95d1-429c-bd53-b859db7e8027,Care-package
ad7ebcd9-eec6-41bf-b43c-95c6d6a536ba,Cold-chain
36982f83-f5de-48f4-b77f-cb86b3449c69,Cold-chain
ee4512c5-4b81-4cf2-b015-f96e3528562f,Care-package
2049b5f1-c136-42fb-8c20-bb8b91fb541b,Cold-chain
7c61fc90-8304-406d-b2ed-1d45f21d69c4,Cold-chain
54b9f176-87f6-4d96-b366-9aac481c93dc,Cold-chain
bae89af6-9f8b-4ad6-b337-b19191d406cc,Cold-chain
85e9b5b9-e272-4352-b43d-788636635f63,Cold-chain
32286d56-b7c2-4482-884f-323954332322,Cold-chain
5f302bb4-8835-4866-b5c9-b2c732c7a153,Care-package
ae30d136-fbb3-4f30-a35d-c82b9356cf94,Care-package
f427439c-108d-4a5c-9bff-7d1fa1ec0630,Cold-chain
2ebc3ffa-e4f5-42c1-b121-3e44247ef734,Care-package
ea02d851-ee3f-434d-8586-bdcb99faa03b,Cold-chain
c2f05f2b-55b2-4567-862d-f6d7449a705a,Care-package
1066e7ec-b253-41f6-b31f-33df8172c820,Care-package
01cf9c3d-1836-4783-8201-a89f96b0755f,Cold-chain
bd31a706-422d-47a1-9a32-3f3b3a1cc8d2,Care-package
307e4c2c-aef7-4c97-a46c-e153b2699504,Cold-chain
1f70d448-c04e-47c7-a388-7000b26f3160,Cold-chain
ea4915c6-7234-4925-b346-fc2969aa1044,Care-package
67518422-2497-4b65-ac05-0b6e17483855,Cold-chain
85529c93-e00b-4d89-8c23-c03116438d46,Cold-chain
458ca576-23ce-4899-a025-68c3c3add968,Cold-chain
38fbeca9-36d8-415d-9fe7-51b9df07d697,Care-package
1750cf31-44e9-4fa1-84a6-3c742a849363,Cold-chain
1590ca19-2ae9-4559-955e-9c3733cfe2e8,Cold-chain
d101fb9d-c468-4bca-a572-883faee5b7c2,Cold-chain
9b8bbdd0-0746-4e3a-bd02-f51c70bf86bc,Care-package
52b8423e-cfad-4079-8b23-c950686fcef1,Care-package
b0863ece-514b-447c-8df9-431ecbd9683e,Cold-chain
f38c2e60-a574-4d4b-8d4a-2f99a4875166,Cold-chain
e1d24cd0-14c1-4cb1-888e-c66cc498d6ef,Cold-chain
9d12ea98-3d61-44da-a57d-0a554b6e76a5,Care-package
6bd4e133-80fb-421f-8769-b116e6080ecb,Cold-chain
d51e8c5d-4fff-4310-aa42-f8b62de40e70,Cold-chain
5210a7a4-a235-4130-9949-6f8fb7ba1ba0,Cold-chain
f874195a-6b16-4180-9aa1-9cfe3b49c1cf,Cold-chain
d4d63908-9f43-4028-8565-4d0f9649d3c1,Cold-chain
64f18c31-ed26-4779-b7ac-e0ef988b180a,Cold-chain
7a6d6549-97a1-40ca-b8b9-5904a5cc72ae,Cold-chain
a534da8c-65f5-42dc-8149-254c6d7bba0f,Cold-chain
75399e32-3f76-4dfb-abeb-ce572d941483,Care-package
4889e97a-77b3-4b7e-b9e1-e8c75b5b8630,Care-package
1c0e0c36-a536-4d62-be58-2259e35767d4,Cold-chain
81558f34-d327-4e8e-a634-50a31dce8cdd,Care-package
eaac67bd-9e69-4053-aa2d-4448ab160f96,Cold-chain
d6e33645-0730-422b-b53b-750a10b2b9b3,Cold-chain
2d55e101-d1bc-4738-b18d-42f53693fd9e,Care-package
4e372b54-8383-4472-bee8-6d32372e5e51,Cold-chain
faa2c0b7-583c-4b88-aa5c-0f52b4cddfb0,Cold-chain
77742367-a54e-4f87-9f2f-e4224fa6f79d,Cold-chain
aabf02e4-4a7f-4b17-ba16-0911fd1c523e,Cold-chain
1a282da3-8fbb-4b70-b066-399e034efa13,Care-package
8ce4c375-bf55-4913-a39d-a7e451f49bed,Cold-chain
a3eaf91d-8a86-46b3-bff0-008b8ceaedda,Cold-chain
0e435e57-7257-4a62-8712-b41ad43f9093,Cold-chain
08220ab2-ebc6-4f74-94c6-a9ddd129ffe3,Cold-chain
17ddc50a-f2b3-4036-9ef0-1394c63d6bf7,Cold-chain
0f7bde1a-0888-4f79-b18c-f0762e4dd7f8,Cold-chain
a7d02192-8c44-4d68-adf5-f2425451690c,Care-package
733f24d7-1daa-4718-9cb1-d3ba8f0be9e3,Care-package
437e1bc7-8c9f-4e2d-bb16-e2cda375f8ea,Cold-chain
a8e153a6-3e7c-4b37-94e6-12637ae1043b,Care-package
ea8e0390-4e7a-4f48-bfcf-09b7d5f19061,Cold-chain
9258b349-5548-4863-9e67-f2529c743581,Cold-chain
696e09e9-6e98-4722-a241-a5e35dacf6de,Cold-chain
08d6c2cf-2836-4f30-b369-d866af9f8722,Care-package
351e5896-29b3-4915-9053-e0299e9de7d2,Cold-chain
ed89f038-f632-4a92-870b-75bcae3fb16f,Care-package
7b8a9ed8-2335-4d82-8f38-500c31d47266,Cold-chain
6fbe2d6c-893d-4ef3-b8f0-64a9fb8bc513,Care-package
24948366-e098-4ed3-9540-37bc512ed20c,Cold-chain
ea716d2b-6c76-43e9-be2f-7ddf616d575d,Care-package
027608e3-ce35-42ae-8dbe-5bdf049ba9b9,Care-package
241548c8-af7a-4fc2-b7b2-963e5f62e6ef,Care-package
5f27e46b-f3ba-4f36-8ab5-64ac35812545,Cold-chain
19889236-963c-44f1-828e-8f0f0c5e894d,Care-package
65e313ff-1556-4a6c-aaa7-9b6b6d099980,Cold-chain
c01860e6-764c-4c8c-bb7e-bcdc63884fbf,Care-package
d44975ba-99f2-46af-a819-d673d6e78eb2,Care-package
9e70d08a-57e7-42fb-aaf5-e08aab021708,Care-package
41d4e17f-6e5d-41a4-8e59-90ac52693318,Cold-chain
777b6a3e-1f69-422e-b0cb-8b36d6181dd9,Care-package
324327d0-fd0c-4055-b691-db3d23e68494,Cold-chain
6dc2dd4c-5e94-4de8-831f-93b4645a242b,Cold-chain
f374b8b3-8907-4f4d-90b2-bb5536ed18ed,Cold-chain
6df4d51f-11b8-4ce6-a438-5617674cec34,Cold-chain
4ccf1ff1-7fa6-4c57-97bc-b21e0dcb3e56,Care-package
4dafd80b-33ba-4d83-ae88-d3477a094321,Cold-chain
6cd94130-9b58-48e3-a846-d2ab3ce5a70f,Cold-chain
e4676d3f-28a1-45ff-adcc-ddc5581a68e6,Cold-chain
f46cee7c-1b83-40bf-80fb-0a4ae843be22,Cold-chain
ee8e028e-1227-4504-bf61-a26a35e5de5f,Care-package
f7e0c84e-b406-413a-88cd-9dffada8ada2,Care-package
7bb1a4ad-a1e8-4944-a0f1-ec0471f27160,Cold-chain
c8d887fe-c3ad-4b45-b153-fa87c5418eb4,Cold-chain
09ec7a0e-8978-46b5-8a52-78e23fc416ca,Care-package
09bfe8aa-f93d-4eb9-b6be-a970b75ee8a8,Cold-chain
84177fe2-b5ee-4e27-8311-37571193800c,Cold-chain
9eebb289-6d5b-41e9-8a11-f21e1e328301,Cold-chain
bfbf13c2-88ab-467a-a184-46c5d24a692c,Cold-chain
584b3da5-f0a0-4319-b890-f1c51f8a57c6,Cold-chain
ea8dfeac-9cab-4c7e-bcc8-5957ccb86824,Care-package
7efb6f36-abc2-46fa-b614-3ec6155bde56,Cold-chain
9a014200-a261-43bd-8d73-5f7b419d6850,Cold-chain
dfa119c8-9238-46cc-8d84-beb29e0f89c7,Cold-chain
4963fc4c-094a-4bf3-9885-2ee4557dd57e,Cold-chain
fcbaa5a4-9e7c-4a29-8c5b-ec2371713e7c,Cold-chain
a33ba672-b247-4901-bd2f-6d03b42a6d5d,Cold-chain
6998ff09-03bc-407e-bcf5-c3e12ee0277a,Care-package
5dc75efa-c2b6-494b-83ce-083b394d90c6,Cold-chain
30263dd6-9f1b-4943-9c8c-558a6ed45ddd,Cold-chain
e586f4bd-3fcc-4ea5-a27f-d2a5006f167c,Cold-chain
bddbadcc-ec02-42bf-90da-96370316290e,Cold-chain
7464f7e4-b68d-4b31-82b2-3399cf56fe8b,Cold-chain
ce223ad7-502f-42f4-b6a0-dd7314ac49b1,Cold-chain
468fe451-d119-4186-80dd-bfe557e71c1b,Care-package
9b6f43bc-c45b-4cdf-b9a8-745f1e6148ba,Care-package
f80c468e-904e-4a25-af68-cd3b0f3bb1c2,Cold-chain
9a648104-ad42-4d40-afd9-0387e5f7ac7f,Cold-chain
4459dc18-c9a9-4ba3-b75c-fe2170e33b73,Cold-chain
b6e318a1-f920-450f-a02d-12c0672bc7d2,Cold-chain
1a38a78d-e382-4276-83e8-a244084935c4,Care-package
8e7c48bd-c3c9-4c6e-a8ae-065b04fa8ccb,Cold-chain
29a09d7a-b562-4778-83b6-7443b06a4e2f,Care-package
dfb13927-dc9e-4656-8991-377d91945da2,Cold-chain
58cf6d44-376d-4168-ad8c-c74e5f922b1d,Care-package
78197f87-9223-4bdc-bd1f-f5df2438b0bb,Care-package
42760b16-e48b-4162-8a19-6d8e9d324798,Cold-chain
886a27bf-bff9-4cd8-892c-8a3c0cfe0a5c,Cold-chain
b861ca94-f572-4f6e-9f8d-31a5159c5bca,Cold-chain
56d8b51d-6130-4c50-8b2e-d6a1a05c1660,Care-package
b0ff8384-97e5-4ea2-ae43-4d040bd5c8fe,Care-package
cc0d662b-f47c-4126-87ab-a7c080f98b32,Cold-chain
12dca22c-b6a0-4d2b-b389-40a44c48a5fb,Cold-chain
b20b0aa8-97df-4889-bd33-3b4b1b0c4d5b,Cold-chain
42e21bb4-b824-4577-9b6d-aa4481157616,Cold-chain
253a093d-e1a5-46bc-bdc0-0e63052fb168,Cold-chain
3176b40b-cf40-436b-8f6f-9033da3fd2ed,Care-package
d986f85a-9d95-4b5a-9b3b-a3ad664d7f21,Cold-chain
ff640772-97c3-4921-9ffe-5425c68c42d2,Cold-chain
6014f392-cd8f-45c7-8d9a-81b41aec5128,Care-package
9b492238-55ea-44cf-b4fb-78738e35fa78,Cold-chain
0f37fbb8-d3b5-49dd-a9d1-c824330ea5af,Cold-chain
8eac1516-d2b1-4f12-ab9a-134d292e4d15,Care-package
088cac13-59da-43d8-926c-8b31e58ea6cf,Cold-chain
91c03157-da37-47aa-ae4a-b34b03886159,Care-package
26a95084-4b54-4d8c-b89e-55b2b534d9cd,Care-package
9c493fb7-fd04-42a0-9012-181d3735dba5,Cold-chain
3e91582a-e542-406e-933a-2c1c0dab8667,Cold-chain
8a5ce2fc-d675-45a2-8096-5d6cc12b0244,Cold-chain
5061f3bf-3f9c-43f2-9d2c-64b6fe9e4408,Cold-chain
9456e2cb-3fbf-49e0-adec-3a484efb35f2,Cold-chain
3069e642-05fa-4561-aa85-8abeb05263c3,Cold-chain
b8e3bd08-8ee8-45eb-bc4d-a5a2f367cbc1,Cold-chain
8fa3590e-8d58-4b65-b1c0-bc520be498dd,Cold-chain
8059df76-ca0e-46da-8069-05e3b2a089a6,Cold-chain
93bdca09-4ebe-4d57-9bce-4ccc61b05edf,Cold-chain
de17a47d-3f8d-40c5-8e08-c4adb6df78f8,Cold-chain
291a3deb-882d-48bb-ba61-8b8673da8d35,Care-package
fe3b1c71-efb5-4033-b6a3-ee6a1603467b,Cold-chain
dc2e212f-57ca-4244-b5d4-c2d45691a95f,Cold-chain
0c58ce66-1229-4ae1-bd32-01e996bb49f7,Care-package
b9b2eb9d-ee5c-4eeb-b6b3-d3bc2e43b05e,Cold-chain
9507518e-7b0a-4f55-b3bb-4e2e14f7a0a4,Cold-chain
118e6260-e9f0-4ffb-97d2-991280ce6422,Care-package
6b986599-a42a-4a9a-9860-447d9162c1fa,Cold-chain
d6ec0b24-470c-4864-a83a-0a090c9b145f,Cold-chain
6a0d3b06-3a7d-4ca1-83c0-d983605eb256,Cold-chain
dd56da0f-eb73-423b-9bbd-38d39058947b,Care-package
376d4ebe-bfd4-4bb9-973a-521d68521d75,Cold-chain
e713c470-50e2-4521-ba17-28510349af1a,Cold-chain
b6a33a3d-2f05-47e8-a4a4-a06dd45327be,Cold-chain
b9c22c59-5ca0-411b-b5bd-5f25c72dbe15,Cold-chain
99fef6f8-2782-4864-a5ff-33b38449b781,Cold-chain
f9d25a33-60ea-486d-9293-2ec8287847fc,Cold-chain
ad72d0dc-f283-4081-9e4f-0e3f6869688a,Care-package
37bdd9af-a45f-4cb6-936b-822276b60d82,Cold-chain
944287be-7e84-41a3-884a-e0ef5fcbe6eb,Cold-chain
cd283bc5-e21d-420a-9256-27444244def1,Care-package
2e41e4c1-fd62-40b6-9e1b-6cf6a2f9718d,Care-package
fd6e2513-43b9-48c2-ac0e-76bfd6f08359,Cold-chain
368851da-343e-4267-8785-2ba2f7d8fd7a,Cold-chain
6bc68658-3d69-46f5-96a6-74a3865f8984,Cold-chain
6763a13b-abda-4713-a6dd-b966a549da02,Cold-chain
518cf509-01bc-469f-9383-4695f2277723,Cold-chain
b0a616d6-20c7-4e60-8057-11e1c3d45f8e,Cold-chain
a0a34170-b35c-42d9-a40a-7782fb22862d,Care-package
b0b7ec57-3d2f-49f8-b48d-bfa936849c90,Care-package
0662deef-d4ed-4015-b01a-a11d5b817a8e,Cold-chain
56018d72-252a-4747-b143-93ad3e0b0eab,Cold-chain
0f0fd272-f05c-4c17-ad20-f375a0c736c6,Cold-chain
fd8a9236-1064-4a6f-85d5-798a19019949,Care-package
52450431-05ad-4a8b-b4f2-6cafd02e24a4,Care-package
b5a95e8f-7e1c-4f2c-994b-d80661610d13,Cold-chain
c303a691-face-4338-8b71-2024251ed604,Cold-chain
5352dc9c-dc1f-4df8-8b54-5c5456bb4b0d,Care-package
e060cf52-0144-496e-b823-f6a385523ddd,Cold-chain
9304f0bc-b9ad-4e25-a827-4ccc60c2fc32,Care-package
35c5ff7e-b834-4c8c-a467-97c48306fd33,Cold-chain
5e82ca7d-b534-45aa-bf41-8bd5e95184b0,Cold-chain
1bff7f0a-6f14-4c6e-b6c3-a7bc52bc5dea,Cold-chain
9b9fda65-852d-4ffc-bfcf-b500b2700f72,Care-package
46f552a3-c85f-40ef-b741-f4df0b3abe48,Cold-chain
290e78eb-de15-4597-b67b-9a0cdfb19448,Cold-chain
a1cb8798-6a13-45b4-9e1d-941b03f3f6c1,Care-package
df59bcc3-b19d-4238-b5c4-6407367b0204,Cold-chain
57b02ad0-84db-47fa-bad5-aa668123265a,Cold-chain
c19cec39-fefc-49ac-8eec-2e627bdedbf8,Cold-chain
31b83d4d-1a37-48fb-ba2c-e957e39fbc3b,Care-package
732a5d0c-91e6-4570-a5e2-e1207416ea27,Cold-chain
e1f191d5-e9f2-4bc6-9762-d0847bdac8c6,Cold-chain
4f853319-6c12-412d-bc6e-560f4647e555,Cold-chain
8d7e1746-cc74-4ebe-b5a4-c2c104f80569,Care-package
0e0efc75-3b8e-420c-9753-570b8d14705b,Cold-chain
530298ea-4fee-4fa1-9467-adb629304d3e,Care-package
c22fcd9d-a334-49e0-8c95-c7fcb81a166f,Cold-chain
c3f95bbb-a361-4087-b7f6-3cf8bd1fb898,Care-package
660398ab-e0cf-4f22-a7d3-757fc99061f2,Care-package
8102c8b0-5a78-4052-8b35-7f219c2ae2b6,Cold-chain
f485d6a6-9628-4efb-92fa-091891a616d4,Care-package
2f42eb8b-b328-4307-b86a-5faa9cefc5ca,Cold-chain
0f7a5f1e-be8c-4644-9261-1d58cdcea6d1,Care-package
81155ec0-c008-4657-9adf-62d21bf818ec,Care-package
bb009d8f-2685-491d-93b4-e9099d6ff3ab,Care-package
21919c4b-6e53-4dc2-adf0-0baec71220a6,Cold-chain
7b20ce7b-cca4-448c-a75d-e436496c6754,Cold-chain
f311873c-4158-4384-b051-5bfc14e50abf,Cold-chain
a67b23db-181a-4ae5-bdeb-498b8345cb62,Cold-chain
7b2c59ce-bb08-4410-99f1-9fa5f1f93c9d,Cold-chain
ab057148-ffd6-4878-80bd-ffc68babe252,Cold-chain
8e195cde-14c1-489e-8f22-1c3fbe459ce1,Care-package
fe3b8056-2f8f-451d-87f6-d2af376bcf0e,Care-package
c4e34475-8ebb-4654-8895-0ebfedc19b46,Cold-chain
323f4442-0e43-442b-b50a-dfc5a4fcf1b5,Cold-chain
a33a9b09-f960-40e2-9259-41a27cf22c70,Care-package
6791ea5b-5eec-4471-8d90-1d3790287bda,Cold-chain
1378aba0-752d-480c-8642-cf299d3955c1,Cold-chain
016b6eca-b56e-42ec-868d-9777be076450,Care-package
00dbd29e-5c0e-4dc2-bcdd-20b99ae95645,Cold-chain
7e09c457-3b83-4ad5-b58d-90b51bb880aa,Care-package
0fb3b625-b345-4cec-acbf-6bedf1854ef8,Cold-chain
e0a31884-bc92-4060-ba67-10f75d4a1a21,Cold-chain
666d07d3-44c0-43c0-b49b-42daf19ba4ae,Cold-chain
66adf3ed-cbf1-4217-b606-002880bbf037,Cold-chain
7ff491e8-4775-4ae2-bd37-965b684f99de,Cold-chain
ece0a7a6-7677-4ed7-834a-aef589740edd,Care-package
e3419430-9406-4af5-baed-0c72d11750b0,Cold-chain
7be2bb86-b7cd-4e75-a1fc-8afba286cd79,Care-package
8bdc6df2-a23b-4428-8c89-249cffa92b77,Care-package
4ba1a6b4-f5f1-4bc3-8213-7a88ba02b630,Care-package
95b91d77-f2ea-4696-801b-34e6964c5ce6,Cold-chain
2dd59264-24a0-4620-b1cd-17a2028616eb,Care-package
f62d4614-222a-40ab-8f57-00a129ec8017,Cold-chain
ad2440ff-0180-4ec2-afd1-f5a50182bc1e,Care-package
65f78e9a-2f7c-4ca7-920e-235f2743e236,Care-package
d1540ce1-0fc6-4d4b-a58f-0a845c8cf112,Care-package
46e6d117-64a9-4c7b-a9c7-86d99e0fd1e5,Cold-chain
becccbfe-8cbd-4028-a939-4b900c7b40ae,Cold-chain
2e65a281-a2c9-4490-be30-ab72a5e8495b,Cold-chain
2c10cfea-46f0-43f5-b3c1-372bfa2805fb,Cold-chain
754e72f0-a01e-43b6-a6cc-32862a5b84e7,Cold-chain
c542211d-e6d1-4a63-af3b-d87fd6aa844b,Care-package
a2538c85-487a-46a6-87b2-bfb6ba9d410c,Cold-chain
e9ebb8d5-dd23-490a-9e36-fc2e09f21105,Cold-chain
1e0a3077-9454-4b29-925f-1cf3f97f89c4,Cold-chain
c0936592-97c6-414a-8683-ae413294fcd9,Care-package
37f70d9d-1d8d-44bd-b32b-afe5628b8cc0,Care-package
a1196489-7bd0-47ec-afb5-1d66e2af08f6,Care-package
6b6041a5-60e6-44b6-b64a-a830860382e1,Care-package
a8ff1dd9-5205-4e93-8fbc-5adee136add2,Cold-chain
e9c8ad4e-5356-4ba8-80af-566901f1a340,Cold-chain
78165e3f-d744-4035-b36f-0006afd856c2,Cold-chain
cca0c81b-cdf1-4836-993f-185ec86a7a85,Cold-chain
114c7c84-b3b5-46b2-83c8-2e111ab73e81,Cold-chain
3278ed69-ad41-48e6-877b-901271d9af29,Cold-chain
ff6f49fb-759e-44fb-acb7-9b66c01c0be1,Cold-chain
4c085fb6-c7a3-43e8-a0b8-7c7a1580c689,Care-package
16940756-1a07-47e8-9c85-1da772d16de0,Cold-chain
816a1999-3fc2-4a0d-b83a-cf4d993ce646,Cold-chain
ad9fa17f-b641-425e-9c23-f8c397e34961,Cold-chain
658c44a7-6bf4-4c5d-bff5-ef0580d63be2,Care-package
204fb6ec-817c-4503-87e9-c6d599430065,Cold-chain
51255580-c52f-4557-af63-839c7af06d7c,Care-package
c198cae0-757f-49be-a4ac-5c671f4dc8ee,Care-package
a5a5aecf-1927-408d-9ee6-97788a0cc269,Cold-chain
ddf27207-4792-476b-a3b6-c6ed02d82e99,Cold-chain
06788d7c-b6b2-4bd4-a65a-a10e34a72825,Care-package
f303edbb-1c51-44b8-8477-0c88009156d3,Cold-chain
365f047a-4f78-44c6-b25d-d2c8950c7985,Care-package
8c297cf3-4f62-49d2-b203-19de0b41d4bb,Care-package
447b6d35-3654-457c-95f4-ed0deabaa080,Cold-chain
75a489b8-bb4e-4253-b603-1c3512b6a5ef,Cold-chain
36eb547f-626c-49f1-b97e-7e3b597babf6,Cold-chain
4f9dce67-f8fa-4cec-bb71-98dc2fb6b8f0,Cold-chain
e9b975f2-8710-45d2-88b7-9d0826f8180a,Cold-chain
efff0d7a-691c-4464-98fd-5b6386883964,Cold-chain
83ee3b11-0864-42be-915f-39aeac8d13d9,Cold-chain
37007055-e6bf-4f08-86da-dc686e75a94b,Care-package
e6bff465-48fe-4c57-98ba-50c2fd8b2ed9,Care-package
da18b5fb-6d2e-4b5e-8ca5-1fe1f471c816,Care-package
f8f3e176-98bf-46dd-8cc9-e7ac304ec6da,Cold-chain
464f9540-d238-4861-9e93-8b1cb8be5204,Cold-chain
91bc7303-f454-4c10-a935-32c68f5391cc,Cold-chain
2af9bcb5-f60d-4399-ba95-00c935ab42b8,Cold-chain
d343fa5b-7f32-47c9-8e43-394be5dd7ea5,Cold-chain
9296e58c-adc5-4150-acca-02057690bd2b,Care-package
d029f074-9c5b-425c-a71c-a31e5eb3fe4f,Care-package
beddb21e-e0dd-49fc-9d8c-febc884e5125,Care-package
6ebfb4c4-8aa6-48ec-b337-9020f9ee473d,Cold-chain
6e9023ca-513c-43a6-8c07-77201c340779,Cold-chain
830ad4d7-e195-4ca1-90e5-50b45745d6f3,Care-package
eb65818a-dd8c-49c4-8e24-023aa752b711,Cold-chain
f5b7c9f5-a2e7-4207-bc0a-e421168f20bb,Cold-chain
59e8689c-d6bd-4d40-be93-bb242ae8e5f2,Cold-chain
be9498a2-0450-4052-b3bc-e8aa4595852a,Cold-chain
ec712c96-6630-4ac9-a819-476ecb6d1d42,Cold-chain
c1b18e39-cd52-460e-bd41-99fde2d470ca,Care-package
dbf3ce45-8358-4b0d-b739-66aaee6f5b8d,Care-package
d676937f-9a44-42af-88a5-5f2fdb0e917f,Cold-chain
8488b9fa-82d2-4ccd-9d04-7f9932188728,Cold-chain
7b3a2927-408a-4289-90ea-452aac5d7a3e,Cold-chain
0eafef78-22f9-4958-bf1d-0fe5f2bb116d,Cold-chain
e6309fd0-f65e-4a01-94b0-d6b0c5342529,Cold-chain
b53588b3-2459-47c8-b4c6-c522d2a9071b,Cold-chain
86df4b7c-c59f-4565-83e9-0be08e75f18a,Cold-chain
727cb833-35dc-4cde-a40d-78ba14300aac,Cold-chain
8433767b-3d76-4c2a-9163-6f705b1829ed,Care-package
cbbc133e-b15c-4d45-8d50-2a601a757930,Cold-chain
0fc4c735-1def-4e0d-b814-70b63f119171,Cold-chain
ca3638a6-718d-4695-9996-ed6a033c8846,Care-package
2509d9e8-5da7-401d-aa2d-3e4890bf875f,Cold-chain
c0c0a9d9-0243-4be7-ba59-823d070abec4,Cold-chain
c663d23c-8eb7-40c9-afd7-fab145869550,Cold-chain
8a149804-2d76-44d0-8af6-b15937a43f2e,Cold-chain
fb6f8691-5ecd-4e6a-a02c-ca1df0b714f2,Care-package
2560d874-8b14-47c3-ae88-199847081a96,Cold-chain
520e99dc-a870-41d0-ad09-142429401c65,Care-package
027267a0-f2c0-49dd-ab16-a98617ca012f,Cold-chain
6311fceb-732f-4b0c-8b53-368285032513,Care-package
7c98cc22-4583-49ab-a1a1-d0fe223a1082,Cold-chain
fced93bf-d9cc-47af-b991-bb9cb58c2401,Cold-chain
e630fd07-2b43-45bd-b535-d5bc4f2da1bc,Care-package
c6e12212-c470-4143-b048-fce8572c0671,Care-package
8ff82cd5-99f8-42f3-b1d9-64f738f45c42,Cold-chain
402af374-9692-41c3-bd5e-d842a1e135a3,Care-package
dd49ce78-704a-4332-9f4b-12a6a67ab0d6,Care-package
4c3e04b1-a7a8-4c4a-9e55-270b5dd8a7d1,Care-package
128f4e96-c0fe-4be4-824c-a9118331b8d7,Care-package
ba70cdb1-3c53-42a2-9e71-9e0dd9fe0ab4,Cold-chain
9b473ea0-3358-44bd-9999-ee88a2f3056d,Care-package
8ab2554a-51e6-48e4-a0f0-a17f0cedc3ba,Cold-chain
da8a48ea-0b35-4a78-aa29-d262616229e9,Cold-chain
fd9f8f5c-2071-4aca-bc52-0c39e17ad275,Care-package
a9ee8c1c-1c59-48b6-8bf3-d3ed901ed607,Cold-chain
bad68752-938d-4cf1-8964-52ceb8e608c9,Cold-chain
6592617b-0ba2-4789-b8dd-b1ab1b06405b,Care-package
cd71ea14-a6ea-4919-b77d-f9134245cbcb,Cold-chain
1a45578f-a936-43cf-9f92-6878fc069a5a,Care-package
86dbb423-b287-4b70-9d22-e26c3481243c,Care-package
424bdd6b-85ac-48b5-b0e9-d9a9599a4570,Care-package
d69b43f0-dc19-4fed-9f14-68d2572a8064,Cold-chain
0a983fbb-c321-4343-a054-6decd14a74e8,Cold-chain
45a5fe98-80d7-47fe-ac2c-cd3f707279bb,Cold-chain
d7ad4938-f4d6-4b04-94f4-e6b13d8b3240,Care-package
cf7c47f4-0131-4aac-8e6c-2737b32c98fe,Care-package
170a0e91-3f43-42fd-a174-d919e6cd3acf,Cold-chain
0f1c5dce-d9c7-4cfb-b1b3-4e1602d4f9ba,Care-package
bf47b514-cee9-471c-ba81-2e730cd27dc3,Cold-chain
147403eb-bb14-4edc-986e-c34879ed8836,Cold-chain
fb35e325-758b-4b99-8bb8-6dda97c6f54f,Cold-chain
50554611-7ada-4e0c-8033-97bfb5b5eac3,Cold-chain
f13fd62c-efcc-4747-a62e-5682fbb948a3,Care-package
a9eb362c-6cc4-40be-948d-5223b307570b,Care-package
fad1babf-c29f-45f9-a0b9-4a1450dea5aa,Cold-chain
152e4b32-210b-4456-9405-9b825cbf24ce,Cold-chain
b5c58df3-ae71-4eb1-aac2-42c62abfb398,Cold-chain
ab180486-2e67-4e2b-8d99-f7e6bd25e90e,Care-package
0841e08b-2709-486a-ba9e-0cc42c890f53,Cold-chain
635c8d7a-341b-40ba-bb81-831b72b68b3b,Cold-chain
ab9f0779-56f4-4bc0-8196-afdc3653594b,Cold-chain
661cf31c-499a-4a8b-9f1e-d9c9434ad18a,Cold-chain
2664e430-4686-4f50-9b3a-500d856c15e9,Care-package
27ec149a-18b9-4220-9232-f89a4220e000,Cold-chain
006bc0cf-ba97-41e1-9f00-56a545a35459,Care-package
f0bd1965-93d9-4b7c-89db-03c61f7e1c3b,Cold-chain
e3724738-d60b-4090-8387-fceee750b9f5,Care-package
f528f575-fe94-44f8-a70e-3ee553bd0557,Cold-chain
0e67a1fb-8e3e-40bc-b60c-ba7e5f6f1b0d,Care-package
63b1a669-f096-42c8-bc74-8c3da0e4267a,Cold-chain
b6020949-464a-4a59-b170-7032bdf2fa61,Cold-chain
83f7a17d-1479-43b9-91a6-103a81d7b184,Cold-chain
d7ec1ab9-35d3-4244-bb17-dfa0a29c7c26,Cold-chain
560cb495-c22e-489b-94bf-10204500a190,Care-package
5234604c-e577-4867-9eda-9eba3c6e371c,Cold-chain
697ae349-551b-42d0-b2e8-3d67b8b49da1,Cold-chain
74dfa0ee-5b64-4516-a3f8-ccc88e94f7ac,Care-package
5f707d5a-f942-48b9-8336-a08d710dcb1f,Cold-chain
7e3d24b5-0506-490f-918f-fa29df6a7308,Care-package
7a7ddf1e-8947-48fa-b576-cb1803a83494,Care-package
b4d9dafa-09b4-4b67-b6fd-56d60b6d92f3,Cold-chain
66b5d3f8-8cbe-4949-a27e-ceb61d67762c,Cold-chain
eb32373e-b8ea-45a3-b70c-cc2aacb13aa9,Cold-chain
00bf7c60-1be5-4431-8b14-fb9eedeff350,Cold-chain
f998e2d5-2df0-400c-b5c1-a558ed42c6bd,Cold-chain
946aa8a4-57a6-44d1-bfe5-048c29f3a3cd,Care-package
41b9202e-f3d0-451d-b346-d2b93f3aa408,Cold-chain
2f34f9dc-978a-4e70-b59a-a1ca02bcd1a5,Care-package
ec84fef1-ade3-485e-94f8-7e8cf0c7edf3,Cold-chain
843242eb-5700-4da7-bce1-8f12b2880a86,Cold-chain
b72fba6c-62c3-4662-8458-f5b6ad7c9b41,Cold-chain
1acc9dbf-c79b-43ac-af59-57ce56679f4a,Care-package
8babbe73-754d-4588-be02-28928457229e,Care-package
90624840-fdf4-42a4-980f-d7ecbc9b5c3f,Cold-chain
bfb59589-5084-4a9b-bfdf-0251e27753ab,Cold-chain
16fecc21-a70f-4b53-91f4-cc69e453baef,Cold-chain
c386e770-4455-47ae-8aba-c69edaf17434,Cold-chain
16e3c11b-67b7-4b60-896a-6d3fd2ed7308,Cold-chain
82eec35a-0463-41e4-94cd-35a40053f05c,Cold-chain
07382d2c-aced-4b43-8f82-070384e6b489,Care-package
d47129f9-3e6b-4ea3-9f96-de7ec9affcdd,Care-package
6aac44cf-bb50-437a-a2f6-9ef433d21261,Cold-chain
e88d1ec0-f403-4dfb-89d4-cd488a2fc6a7,Cold-chain
546b112f-9d4d-4eee-aca7-2bf768a84891,Cold-chain
baf526ee-42f6-4619-956e-58a60d714fd7,Care-package
2d5001f5-d85b-4c57-8830-dff687f723dc,Care-package
49ff3b15-2f5d-4157-85f9-bc04c7b15c2e,Cold-chain
f61ddddb-2718-4831-a704-ae30406faf44,Cold-chain
646c2f94-c752-4401-9626-e04be2680426,Cold-chain
54d7541c-2c58-4c96-96be-f753db522d51,Cold-chain
4555f86d-3793-4f08-9808-1841542ee3a8,Cold-chain
4090b4db-0f0e-4ed6-a676-f293738b5a8e,Cold-chain
d883c56f-e28d-4696-9495-7a10117a07e4,Care-package
11b69374-c3f2-4ff8-b21b-931215393ff6,Cold-chain
d5e75466-8928-4b0d-85d5-c220656910a8,Care-package
696e8209-60af-4c94-afed-282612341d50,Cold-chain
bd10ae9d-c61f-41ec-a8c4-a97997eba1d9,Cold-chain
7b89994b-3aed-49c6-97e6-5caed0f98578,Care-package
69f009fb-5c0c-4bd9-84bf-4657611438fc,Cold-chain
90a1b933-4c41-47ab-af7f-e230599649a7,Cold-chain
850b9712-87f4-4545-aae4-18dc42f76ba5,Cold-chain
c983ace8-f2df-49aa-a5d8-586c8f76a432,Cold-chain
66514dbd-8884-472d-90ed-5c9c050d182d,Cold-chain
c3844282-655e-49ef-9018-8a0a896d2c04,Cold-chain
5f294787-9128-448f-b486-775b283072f5,Cold-chain
c24c76b5-5e7a-4c70-9ef2-0d7104ae893b,Cold-chain
2c5b34ce-3f31-472a-9c76-7dd856b18857,Cold-chain
13ce57d2-18db-44fc-895c-87073795fd90,Cold-chain
1e47c3fb-4106-4bf9-bda3-906459551e3d,Cold-chain
96acd53d-5861-4f08-82ed-3bdda00311bd,Cold-chain
b62c483a-1929-4aaf-a2a6-27fd123906a7,Cold-chain
beebb38c-c551-4ff3-8289-747ced163f35,Cold-chain
62a57396-e759-48a9-9da5-6d0d970404d6,Cold-chain
3783bab8-f0f0-474c-b5e8-b24be5f2b650,Cold-chain
edadfa5b-c912-4161-8ee5-ed0bf459e236,Cold-chain
decf11f4-99a9-4319-8f45-7a4cea5ba89f,Cold-chain
ce18a29b-8e5f-4032-bda0-5d9e2e9f951d,Care-package
2a1eadd0-e907-4e33-ad1d-48c68ce1a31e,Cold-chain
d2794885-b73a-48c2-9948-3fdeaa9bf586,Care-package
e25b3686-5e68-4b83-bb86-4c785b4d6ba9,Cold-chain
1b8fce1c-552c-4ca1-9b65-ddc067f81543,Care-package
25503cd0-70b5-438d-ad94-c15fc3057ee1,Care-package
33323e08-27c0-436b-8043-9e4e506e609f,Cold-chain
ea705cd6-3a43-4422-b9e1-2f8fcf9e9d34,Care-package
d9ea4294-e722-4105-b479-89612b05f342,Cold-chain
3f52691d-eabc-4ef6-a402-e81dd8d44356,Cold-chain
37d84d54-0b22-4c7c-ab4b-319f8673667d,Cold-chain
18f63135-c060-4172-8c82-df867535c7a2,Care-package
d1f1cb5b-ecf6-487a-932e-88d71b0f6d58,Care-package
d048b07d-0f7e-4079-8bd7-e548fd506373,Cold-chain
41009454-c894-4350-995b-acec937c2e8e,Cold-chain
7d605b56-a171-47de-a493-4b6e7eb0aa8f,Care-package
0c12f92c-27db-4330-8cfd-88c0b0d4a73e,Care-package
fe51374a-b95d-4639-9b8c-f53029cbdeb1,Care-package
14a58ea1-b997-47b8-b5d4-4b5756bebcfd,Cold-chain
4549aefc-5837-47e4-ac61-627254200f6f,Cold-chain
07f2470e-cbe3-4139-a948-675a12629082,Cold-chain
302dd988-fe51-421a-b265-e26a20fbac51,Cold-chain
b30c099c-4ba1-43f0-8fd0-1854f8989a9f,Cold-chain
f98f7388-1a0f-48b1-864e-0c6cb0614f01,Cold-chain
ac960b40-de93-4969-a0e9-3ec18f41af5e,Cold-chain
a4f88887-a018-4620-a4b7-d367cf88dac8,Care-package
c403d378-9cb2-464c-ae7f-da4d27cab5eb,Cold-chain
b825b677-ad2c-4cf5-8e3d-0f221d7b2556,Cold-chain
37003f8d-49f9-4333-a723-7f2c82d52fad,Cold-chain
a4d2456a-e3bf-47cc-a3bb-fd38d49f2b48,Cold-chain
60013806-715f-44c9-8746-8aed4fc77f88,Care-package
270d2142-a890-4fa4-a8e5-8e0f88bbdb12,Cold-chain
2e13843f-9c94-4500-9226-af1bf31a5a4c,Cold-chain
202e6f6c-65ac-4dbd-adcf-3527d3cdfbba,Care-package
b8f8e013-f5f6-4567-b993-eb9a7db1b7cf,Cold-chain
82b2d089-0d0f-43f4-9890-4ddd9f5d21f0,Care-package
f4b18659-5719-4f72-8acb-457312cc9f50,Care-package
eb0c53a3-df8c-4a49-9ab2-2bc50de0a0a4,Cold-chain
54f703b6-deb0-44ec-89cc-3aacc563693d,Cold-chain
3a86d4c6-b2d7-4596-bd4d-a9d2b4f38c85,Cold-chain
69a5168f-11ae-450d-87ba-ae6088833325,Care-package
759726b2-5eac-4203-9358-157a3dcb5635,Care-package
c20661cf-be2b-4c24-88df-9f3c3f0adbd7,Cold-chain
f81f7aa5-cf89-4e3a-98cd-0409c11d8b1e,Cold-chain
a6ad3ab8-7759-4b64-b70d-8cf6c8d39ea7,Care-package
85955b5d-3c55-4749-a160-5049049d0c39,Cold-chain
4c9ebeb8-2117-4419-ad3f-a606169919f0,Cold-chain
0defa3b8-c4ae-4ceb-81d1-b61417796b20,Care-package
27fa4d8c-739e-42d7-b788-14fa79857c2b,Cold-chain
6a60fb04-722b-47ed-a45a-6c661cbd3842,Cold-chain
0fef5386-bf95-49e6-b62a-159c63ff02ac,Care-package
6e2b1fea-551d-4885-a4ce-00ba94013bef,Cold-chain
64ebe990-5f4c-4029-aae5-1217e5200f7e,Care-package
abe244eb-3a28-4def-90a3-44e950a60ac1,Cold-chain
d2fb8897-c737-446e-b08a-51924d369094,Care-package
9718a9ae-eef3-44fa-adcd-37a8b64b6eda,Cold-chain
f21546c0-7851-467c-8d24-6e01e5d32ad6,Cold-chain
76fe3d8e-dd8e-4b57-a989-9d6996c5fca6,Cold-chain
25c1865b-e4f6-4d1a-826d-54a507c4b7e3,Cold-chain
ef64c288-268c-4cd3-9687-36c2b56eb08e,Cold-chain
f07ac7ad-83ce-4b97-b288-4f10d2ff9ae9,Care-package
087521f7-fc05-4f88-81e1-b541c002bad4,Cold-chain
b13301b8-11e1-4312-9f99-7cb4848e78e3,Cold-chain
8df0d565-283d-4711-92d8-54d779367df9,Cold-chain
a5531536-6bcb-44cd-8695-218bfd031dae,Cold-chain
f8970546-24e9-4d34-b524-c175101c95ac,Cold-chain
6576ca1c-466b-4ba5-bd06-1d4f6dd7b189,Cold-chain
84e6a56c-3dae-489d-951b-ec962aa0e085,Care-package
a0e216c0-7999-4d68-b423-c774da876690,Care-package
d911af0e-48cd-4452-ae3d-4ed88acfcd3d,Cold-chain
99af9f63-5237-4785-b129-e4c5cb432cb7,Care-package
e79a3c75-e49a-495f-b70a-952ec007dcf6,Cold-chain
ddd3fb09-29ff-4648-8c6e-722f9193cce0,Cold-chain
501cdf4d-91f2-47e4-8e80-edbd28922830,Care-package
1432365d-5f0e-4275-84bb-5d78a0372d45,Cold-chain
f8e5f6ff-773f-4e6b-9f45-e6e2b7b5c535,Cold-chain
a398ae77-6756-4985-a6f8-4313f96a3bdc,Cold-chain
36bfc2f4-d8c2-43e2-88fe-dd01dff13cfd,Cold-chain
79d61ebb-9616-4e9b-8d79-18f478c5acc4,Cold-chain
0d1e09fb-5424-4e5b-a57a-d6f7db2555e2,Cold-chain
9eb27ac2-2252-402b-9ab4-e52a8fd5dbf7,Care-package
222346f0-1262-4318-83ab-931ed6a8f00a,Cold-chain
fb992698-02f0-4834-8f1a-7301808f741f,Cold-chain
667f4848-893d-46c3-8108-790328289bdc,Care-package
273882c6-8715-4338-b41e-08b517110d26,Cold-chain
b6ff936f-c182-41f3-83e5-eb2ac6d73f05,Cold-chain
6e0e50a1-a035-462a-8d67-d7ca1d6efa22,Care-package
f85ab665-b4bb-41f9-8cc1-cdeac9b6fc7d,Care-package
7de007b1-ccc2-4069-8689-6d360263ebbc,Care-package
edaf291b-a954-4151-a8e9-03c446f63e73,Care-package
542d30ae-6f9d-48eb-8d41-f83264c085e7,Cold-chain
96f44002-32a5-42fc-961f-8cf9a41ded7b,Care-package
c6f80a41-3e59-4ce6-bb82-2503b246a357,Care-package
0621ddc2-801b-4b0b-a884-55a61f81510c,Cold-chain
a02ffed1-70e1-4ade-9468-3e190373a235,Cold-chain
95685ccb-a869-4cad-8ab7-c0dcd66f290b,Care-package
dc266016-59b7-4852-aa9d-f1dbad87f215,Cold-chain
c6116777-8bff-47a4-9181-e61cb7b4ab5a,Care-package
75fd5457-22ec-4930-88ff-2333423afaf8,Cold-chain
60e2b9b6-9755-4a49-89fe-ee8922735aa2,Care-package
2e4c696f-0416-4661-95b5-550b9f52e438,Cold-chain
611e2713-7f04-440b-8735-bb3a6fce6d48,Cold-chain
ae7f2a5e-7e75-4462-8782-804d7caaa7ad,Care-package
ab2ea1f6-63b5-4f5c-b127-8df818c9d3bf,Care-package
258ed988-e98a-41ef-98c2-196e027ec6a7,Care-package
d4527e39-2509-491e-b26d-d68cbafb1c79,Cold-chain
0845e1a0-7e10-438c-854a-feff3dc435fc,Care-package
25b799c4-a209-45b9-9b46-8407554a335a,Care-package
9e91d6ff-6625-4096-a8f7-e69f127d8c3d,Care-package
d16c2428-8e49-4c08-bc25-6abe3f6d2233,Cold-chain
ced0eb75-6022-44aa-8b0f-7b8f6889bafc,Cold-chain
69911bdc-00d9-4629-bbdb-7cec2230a0c2,Care-package
d728bf54-5db1-406f-b73a-e275ffaec0d6,Cold-chain
382e8524-582a-484b-96b6-7deb3c5cb4b7,Cold-chain
5dbf26bf-b7e6-40cb-960d-840f97b29d71,Care-package
f9399973-7291-4470-9a2a-f901967738a2,Cold-chain
4b70c71c-00da-4614-a846-04849f64952a,Cold-chain
9c4ac53a-244e-495f-840c-8f38439c1b3b,Cold-chain
fe54b01d-cdc0-40ca-9b89-d19370d9f938,Care-package
5f3019aa-3b4f-4f3c-9f32-bde86903cc58,Care-package
0142cb41-810a-43ec-ba6d-a642dc90a370,Care-package
a92ed94e-6c58-41d5-8761-8c4b535329c6,Cold-chain
897a3f45-2209-4380-bfb1-0c09fcdafbfa,Care-package
65fcbe9d-3a0a-4a72-81b1-4b835b32f108,Cold-chain
c42fe9cd-111a-43b4-aaba-ab7b00163485,Cold-chain
93462154-2784-4d21-b1c6-ff767ccb9802,Care-package
9be5239d-208c-458b-b283-f604ef0ec295,Cold-chain
9aaf6105-6f62-4123-a056-08e2fcde4b9a,Care-package
7123a890-fe30-4392-ad08-f19e57e22365,Cold-chain
474ed427-e5ed-4151-a9bf-4b09adefdeac,Cold-chain
ee058688-c408-46eb-b74c-36f65fc54267,Cold-chain
5b524401-de11-4f3e-85ae-5090e99e9c17,Cold-chain
795cee9b-121a-4dde-99ea-4df884cca2bd,Cold-chain
c37493fb-3d5c-4301-a239-3dd3df9e6994,Cold-chain
a166fbe8-1400-4e2d-a219-9c3c27c786f4,Cold-chain
cc5bb9d4-cb47-4ed0-90ae-93dd9ec8f07f,Cold-chain
1f0a1bbf-42a0-466e-86e2-52393599e88a,Cold-chain
c8a4c2e1-1673-4de6-881c-dd49ee6768b2,Cold-chain
58d866ae-4131-4234-b711-a72334204acd,Cold-chain
6f67d11a-316d-45e8-84e6-2814d6499616,Cold-chain
797ad350-81f3-44a5-943b-f31ffb2e6b9a,Care-package
2b49e2fd-9727-4a8d-a91d-7b9e32abb5b6,Cold-chain
99c51879-54f6-4835-99d0-fe4f29935c4f,Care-package
add13fd7-a98f-4935-9662-1c5409b03ade,Cold-chain
f3326a32-8b4f-46bd-b957-8a64a319fc71,Cold-chain
45d33795-5e27-48ba-8773-08a30fd6e1a6,Cold-chain
31a9617c-2113-4b33-8472-d2d95c6e204c,Cold-chain
bee68bce-ee51-4da9-bae8-2f1d7afe524b,Cold-chain
f064be3d-34cd-4cb8-b033-6bc3cbf6614a,Cold-chain
d52e88e4-8ce1-42cd-9236-3e4d67c06d06,Cold-chain
b749b422-a564-4650-bc00-c831b04e83c3,Cold-chain
8a024eec-15e4-4e72-aef6-e1eacaa63189,Cold-chain
6554ee69-c3b0-4c69-8130-3240bfdfe5cd,Cold-chain
fd2c4937-b7d2-4e64-b755-854193a54a6a,Cold-chain
f9b8f904-07e9-4e4e-ab9f-f7b05fd2594f,Cold-chain
c005c8d8-51f8-42b7-95c1-3447904321ba,Cold-chain
d3a9ec0f-e62c-430a-b8b2-ce763ea78336,Cold-chain
8e96721d-a2d6-4ac0-adaa-6c1ac7620c29,Cold-chain
52b53f51-e8e1-4954-a632-5d07df6d6b62,Care-package
cd2f61ce-ac08-406e-a065-b2b4438e0948,Cold-chain
de872fb9-7239-4e39-871c-0dd8d84e30c2,Cold-chain
15a536d4-ad05-4678-bad9-311e8c30d43c,Care-package
31ca97e8-4d4b-4d24-80aa-e1795d62467e,Cold-chain
728b85e1-02dd-4ef2-9ec6-7f57e7b9cdaa,Cold-chain
d4541ef4-4324-414d-90ff-d439e8d83f7d,Care-package
a51dc2b5-ddfe-4c9c-86c2-89199fafab51,Cold-chain
cf6e948c-1a41-417a-ad18-7e381193d3c0,Cold-chain
6af16e38-f268-4468-8a87-ca56892cb94e,Cold-chain
1f8e25be-7266-4b8c-8436-4064729135d2,Cold-chain
269df17f-ca76-4c55-92d3-716d01c3dc6d,Cold-chain
32e09c8f-fb80-47a5-877d-4b2a44bfb92d,Cold-chain
3977856b-2da3-4ac5-93cd-dedd3865af3b,Cold-chain
df358855-71e7-421a-81ac-c65f65a056cd,Care-package
41bb847c-db88-4148-bef7-582f90f0ac29,Care-package
5adca4ff-183c-44f3-b366-48ecca5130cb,Cold-chain
cfe24b11-c52b-4f71-add0-9edc8f244599,Care-package
98990d0d-aec3-47a2-8056-6244029af339,Cold-chain
f731294a-bb50-491c-a80d-35cc85180773,Cold-chain
07b5ebe1-08d5-4748-9bcc-bfe782bfed76,Cold-chain
5a952fac-f427-4fe7-986b-0fa3fc0e1217,Cold-chain
96d32554-5b23-4373-8f34-13a91bf4f22c,Cold-chain
1134e536-b1ca-4843-8b04-086b19dad70c,Cold-chain
aa3d7b5d-5c7d-470c-b3c4-37a30da8db0e,Cold-chain
251df159-8bfd-4480-add9-6e8a4564d3c1,Cold-chain
b06b6448-d823-4a40-99b4-42382bd0d8f3,Cold-chain
21b49b0b-ec05-41cc-aeb1-18c93e87e7b8,Cold-chain
aea921f9-bea9-4b77-b9c0-66f31bac7185,Cold-chain
af20b347-d35f-4da7-8926-0066539433bf,Cold-chain
5e96cc4e-0a2a-4ffb-8da9-10f46a89ba69,Care-package
4e492fbd-ab9f-4d15-9b4b-f604207ef10d,Care-package
ec082194-7cca-4cd0-bf24-f1a523804e88,Cold-chain
7b60c197-4792-48f5-8adb-886cdeb3b933,Cold-chain
4f8b3d7f-3836-4d3f-8dd6-b88e3ce5d521,Cold-chain
bf5f91ba-7007-46ac-b908-04bfc0322cc2,Cold-chain
17f09c32-20b7-4da9-b8cd-b429c2583c0f,Care-package
c2a7ad89-2583-4eab-8c39-ffab06dcd2fc,Care-package
f27cabff-7541-4d11-9e74-b6ab695f5aa1,Care-package
0a1736c1-a4c7-4788-9c99-9f82b1a24490,Cold-chain
077084e0-ae82-494a-8f34-25bc7d106a8f,Care-package
78c72b8c-6af4-4390-bf5e-c8c1f6627595,Cold-chain
08dd0470-d902-42a2-a651-c51a534815e1,Cold-chain
95e15c9f-a5ed-4194-85ca-5215d2c183aa,Cold-chain
877eb150-a262-41bc-a00d-5ec1926ba784,Care-package
c24dd4a5-6f78-4226-9852-ed3099461651,Care-package
897fda2c-3046-4551-8e08-6e5805c247c9,Cold-chain
63935914-9fe3-45ec-a237-397934b1c9bf,Cold-chain
e2cc622f-a22d-4605-b6a8-9673e6e579fd,Care-package
2ee98268-28ef-4e89-b623-588230df4a68,Care-package
6c31410d-2ede-4028-b3cd-9bb1a3bd82c5,Care-package
f6e4e667-bb71-4b34-8aee-661ac681ade7,Cold-chain
30837f6d-be58-4f1b-9318-23bf069ffdac,Care-package
942caed3-f820-4b58-a6c6-8367a165c9de,Cold-chain
324cfe38-a7d6-4115-b719-f664820f7654,Care-package
af956c20-3db0-434c-958a-0e335cb944ab,Care-package
d9e926fc-6560-43e4-9409-adc07efe902b,Care-package
62a03fc5-d47b-45b1-bd2f-b35036dd3f1d,Cold-chain
19c23cbc-a05d-459c-8fb6-ee138341d278,Cold-chain
e41033b7-0b9e-44db-beef-d34a2b4ac310,Care-package
78cf4c72-2830-4a27-9391-f8ebed9adb9e,Cold-chain
ba7dd488-e30a-4a32-8148-a172bb62361f,Care-package
733db5c4-a5a2-4a5d-b0d1-8a9fd6e7f745,Cold-chain
9bac6fc5-8998-4dc6-854d-9afc676f92cc,Cold-chain
a7c8a4da-ac60-4bb5-934e-2c704c42cb91,Cold-chain
a6d3a3fa-e907-48b1-850f-b8c66982d336,Cold-chain
36d90e0d-716e-47d2-8780-cb659e68dfd5,Care-package
31ade0f6-e3f6-40aa-bde6-93b543c49101,Cold-chain
713c113f-c8aa-4d7b-ba24-484c40653f90,Cold-chain
7655f389-97b0-426a-b217-f84be269b12a,Cold-chain
0a06a995-2255-4d45-9009-c52b72750a5d,Care-package
634532dd-98df-4644-8e8f-5cf9046437b0,Care-package
e1a5f606-bb7a-4350-8270-dd714b37e3db,Cold-chain
18498cbc-ada4-4b2a-82da-a5031b3f0540,Care-package
d8608205-21f5-4200-bffa-4e8a3a25e439,Care-package
bbbd8bed-b426-4b3f-bba1-05a7ac41f747,Cold-chain
bec5eb01-7459-4400-b6b6-815db3b13b0b,Care-package
ab2e03cf-f830-40eb-a4f1-b0f5e8f0f033,Care-package
bb34565a-3069-4c9e-94f6-4cbc3010dcc8,Cold-chain
cd071f76-8a89-403e-9e69-b13f43dd6ae2,Care-package
be6cc942-c354-46d2-bc0d-3e40f1a6c310,Care-package
7426d9a3-050d-4969-9769-3a5308497e01,Cold-chain
09ae46dc-0b37-435e-8ec4-f0a308b1b5d3,Cold-chain
27e88b7d-2178-46a1-88e0-e9765c57af22,Care-package
6f3501c6-3b37-4578-b7bf-a17f3fcb2bc3,Cold-chain
0406b657-3872-4a89-8e45-6071f75cc322,Cold-chain
834bfc21-a9c4-4a38-8bee-2c252aa4f08a,Cold-chain
426cddd8-22e1-4526-9090-1e8e52350c83,Cold-chain
e99676df-2a71-4878-b621-d5f0a6442e35,Cold-chain
140afac8-6d50-4f05-af49-ce6bd60a37f2,Care-package
efca76cd-eb61-42b2-88e0-cb3243c12666,Cold-chain
9ff216e6-79b4-41d0-9cd3-30c59f9bce1f,Cold-chain
774ce19f-2df1-4161-b9b2-372fbd3ac432,Care-package
7a1d18bd-2e3a-46ad-9d91-51f660fa64a5,Cold-chain
6ea230e0-aa7b-427d-933b-ab175284c152,Cold-chain
14a0c2c5-bb0e-4992-a267-ac51b94a08e1,Cold-chain
beaad2fa-8280-45ec-a03b-31cb80ffee44,Care-package
ce3da0a0-88fc-4e29-84c3-91cfa02cf3c7,Cold-chain
edcea01c-c213-4f29-9471-6b5a27e2a641,Care-package
65c3be08-af7f-431d-8e68-c1f6a43a44fd,Cold-chain
9539ea18-6c80-4dac-bf4d-2d55086417d9,Care-package
58bcb83c-f5ec-42af-a5de-bf45fdfd5f58,Care-package
4d696598-4a7a-474c-82bf-cd99691428f1,Cold-chain
5df8a0af-59da-47ac-bf70-9f4f720bebfe,Cold-chain
95bbc23a-c927-4314-abc4-1f96765322a0,Cold-chain
fcd0e00a-4c23-4900-929a-ad30e8ec30b6,Care-package
1688bafc-78ae-42e7-a1f9-36cd6d1a030e,Cold-chain
1fb46127-1f90-40f4-8e9a-11d344f02e14,Cold-chain
d908ac7a-e0e4-4216-81f0-94cd593e68d9,Care-package
75c2e460-47c4-43ac-b8bb-adbbf9c76a1a,Cold-chain
c286c295-cbbb-4764-98be-0723ac3f7fe2,Care-package
ba31e89a-76b0-4d2e-90e7-bcf43dfc5da8,Cold-chain
557e00d8-c977-414d-9e19-9a83625840b1,Care-package
bf9942a6-5333-487b-85dc-7f141c4af3d8,Cold-chain
ed2ddd45-c090-4efe-9987-9ee42eea029d,Cold-chain
6b82625a-241b-477f-a13e-5fa6280cecb0,Care-package
74e0f4b6-84a6-44a6-905b-18b4c3abe139,Cold-chain
3e0e3a21-ceb9-44d1-bac7-2aeed87b88e1,Cold-chain
f4449a10-1156-4fd4-bc97-2f1296884e60,Care-package
193a3c2a-f443-4beb-9b93-c648876d46ad,Cold-chain
584f1873-b0be-44e4-8ea0-7bc32a2c4964,Care-package
6e7d7126-4bde-4371-9b8d-8dce6a3b518b,Care-package
2c72da72-2072-4545-9418-52f5c843df5a,Care-package
f13ca492-cbc7-49fb-96c4-7fd3f394090c,Cold-chain
e22fe6e6-7c8a-4b23-8769-3b470ad421fa,Cold-chain
a85b2402-5358-4ea7-9452-9aeab577b29f,Cold-chain
a7f37aae-e8b9-49c2-9e11-fba2eb959e56,Cold-chain
4056ecf0-3ac9-44f4-b381-381b93cde593,Cold-chain
c5413e0f-aaf9-44db-a3cf-12cba4c25cc1,Cold-chain
e7117df9-10c3-458c-939e-8d10707054fb,Cold-chain
60618bf1-4a9e-4e1b-8c2a-52b6a2861376,Care-package
802ddcec-adc6-4958-a888-4b9ab8774c1c,Cold-chain
18db7209-efd2-44c1-a118-98fde88c234b,Cold-chain
9ef160df-045a-47c2-b797-abaaae2ad9d4,Cold-chain
941b6275-a1df-4916-b285-2be8d2398d9b,Cold-chain
42a11230-bfbc-4d07-aaef-fc8c2cb55895,Cold-chain
eda91d42-c64e-45dd-ad87-1eedac78e70e,Cold-chain
836f7a17-2e63-43d4-9fd9-45c03ef6ed6e,Care-package
c900f6ed-0225-44fe-a114-435502ef8403,Cold-chain
f03fe229-44a9-4b5e-8999-207e82c6e869,Cold-chain
52668870-9d13-49ea-86f6-88ee2eebe7eb,Cold-chain
e6bd2493-7dc2-4b43-ae0c-9f0f1e074dcc,Cold-chain
2da15994-3e84-4482-a9bb-700d31bc6f51,Care-package
26c91178-c0e4-46f3-8f84-287df29b28c4,Cold-chain
b0c63faf-4fd1-48f0-bc6f-e0dfc5e11c77,Care-package
5b43bdd6-be18-4f19-acaa-969e08d9cb61,Care-package
af30bd1f-0021-4dce-9217-4707459b3ec3,Care-package
bf4129e9-a0a5-4964-aa5b-c55eba806516,Cold-chain
1aed8a3a-13d6-48cc-9176-cb79aa0c763f,Cold-chain
0748697f-49b2-4451-82b0-fdbe972618c1,Care-package
00c59dd0-afec-4abf-a684-e460aabb6332,Cold-chain
b6a03c22-5e9c-46c0-818f-be1f3e0cc7ab,Cold-chain
034a01fc-f718-46d6-b7d5-e30377ebff4d,Care-package
c8fa3105-5851-4de7-aeaf-100ed21164b9,Cold-chain
fa08584d-e8e4-4be0-baef-dab871aa2311,Cold-chain
cbba1c28-0165-470f-a711-4c85a5d4b829,Cold-chain
076df3a7-c49f-465e-adec-296e583413e5,Cold-chain
90d46625-08d6-43f7-b170-1ae33181ee19,Cold-chain
23ba1b81-969f-44b3-ac4c-954ee1a6b144,Cold-chain
b9c306b4-6ce0-498e-a318-62348fbe43b3,Care-package
16bbf9f0-9bbe-48a3-a094-e636b1ec7abc,Care-package
9946ce24-5af4-44d0-9fd4-13089f24ffb1,Cold-chain
63179188-de48-4699-a066-b441ed30fb45,Care-package
eb5fa95e-32fb-4652-bdbe-e81741275249,Cold-chain
7564158a-7d62-40e0-8f63-d5127cc687f7,Cold-chain
af8df427-0a2e-409a-8956-acf2bb5357c7,Care-package
a623b5d4-31f2-4ae1-bbae-9ce1ecf3cc0e,Cold-chain
13657ce4-84e9-48be-87b5-94ae66f01006,Cold-chain
161a957c-6552-4075-97f6-9eb43f71ad94,Cold-chain
2bf08238-4b29-4c99-843d-14ef71a34b59,Care-package
0f70356e-80fb-47b6-937f-a663c5e5de7f,Cold-chain
c05b2de2-b66d-4ef1-adc1-d9c02fefefa9,Care-package
f44139f0-da11-42c7-9e35-31887a327132,Cold-chain
c028faff-d0d4-4477-ad91-73bbbeaf2f00,Cold-chain
02b5884b-b1ef-4f44-909b-4be8ff080d9b,Cold-chain
b571679a-0c1c-45d4-9b8f-76b1fb2ec653,Cold-chain
c0d32ef5-76f4-4097-89f5-470a68b2838d,Care-package
42f9fe8b-9fdd-44f3-9983-003b1fdbfd0b,Cold-chain
1354804f-59fb-4c5c-9261-5a1582a1e97f,Cold-chain
0a166eca-9a54-4108-9c74-4c06bd070937,Cold-chain
2eae725c-bb08-4ff4-aba8-ca68d081d803,Care-package
89e15262-f309-484e-9ea6-afb13ae54cbd,Cold-chain
cd82a08b-05ae-4d4e-80d5-8e4bfbea84ab,Cold-chain
9754758c-05a9-43e6-a337-41132476148a,Cold-chain
a58e7175-de38-4e04-bbe6-01ca3da5d1c3,Care-package
facf261e-d678-4a95-9cac-d96c406f6e02,Cold-chain
4df4a09b-913b-4bcd-8778-051333f21152,Cold-chain
ca31af89-8f46-476b-acc8-128f75d1a161,Cold-chain
5350e1a9-b4b9-4ba6-9e5e-eaff17c60280,Cold-chain
b1bab77b-0b43-43b6-ad02-181753403d56,Care-package
0070f03b-9678-4f13-bca3-b6068248ea6c,Care-package
80f3526b-52d1-43e0-98ce-49ac262191e5,Cold-chain
e21bc20a-ea38-458e-a437-e805498d480e,Care-package
a73cb9e1-2f2f-4ddb-8d6a-7841ee23c9a9,Cold-chain
d07304f2-2a02-4a92-8c38-77c7bc9d98a0,Cold-chain
746aacf7-66d3-4dc6-95c4-8cbb2274777b,Cold-chain
25c7656f-9937-4ee3-8416-eba3a95ea46b,Care-package
df4fd162-945b-4b31-b3aa-80a4451e2d81,Cold-chain
ad465c47-b7af-4fab-9910-29fdf988f9fb,Cold-chain
5fe72052-9c2f-4abb-9a2b-2f80cc9325ce,Care-package
97b66623-8280-4f90-8e10-fefce96d1774,Cold-chain
bdfbf4e0-333a-4e12-85de-1bbdc249c443,Care-package
d9a816ea-b84b-4a7a-b105-169ae49da30b,Cold-chain
4bb1f785-595a-46cb-82ae-27b845878712,Cold-chain
a91efdc5-c0d6-48ca-947c-db54a9cc8df0,Care-package
075019b1-eb85-4bbe-aa19-55cd6686cbdd,Cold-chain
5a703cf9-ae94-496d-a80a-f7a5c36f18a8,Cold-chain
872c5e33-3338-4809-bcba-3d4529522e2c,Care-package
c5be5add-bf3d-43c1-85d2-74dafca3b3fd,Cold-chain
d581623d-01b4-475d-8102-40ca8da015de,Cold-chain
9b14de1e-166a-4f13-853c-71773ed0027c,Cold-chain
532b9376-e178-4461-8f0c-3e3dbe31179b,Care-package
927867ad-a916-49ff-b668-cc217cb0489d,Cold-chain
772fee2d-380d-41b9-9a15-d01d6cf7731d,Cold-chain
323d1bea-1426-4540-bbda-10710f20a98e,Cold-chain
255466dd-a294-4abb-b1b1-2eb8f049c6cc,Cold-chain
60c52ce5-c9f8-4061-be1e-02f3b83d9cbb,Cold-chain
1aa8055f-64d9-4d58-b084-24e1a238cf15,Care-package
97d31dc0-a647-4777-80ec-99fb6b573790,Care-package
cc50fe02-f7a8-4afb-990f-f9c5817357a0,Care-package
aa7da5df-e117-4d56-9c9f-cdc3fac3ae2b,Cold-chain
3fd79b73-0727-430f-82cb-41590cbe87f5,Care-package
93d47bac-9608-4e90-813e-6d59b0d77185,Cold-chain
f05941ab-288c-48ca-9987-2fe01ba239cc,Cold-chain
ef9348b2-4cba-4720-8697-f7962f37edb7,Care-package
72ff8e9d-3596-413b-bd74-3a08960c4b1d,Care-package
620c964a-b886-4c5f-94e5-5c471234f29d,Cold-chain
cde68ca9-a863-471b-ad8a-caedd187a4c9,Care-package
6f8843d2-0cb0-4682-b3e7-0dc251369a05,Cold-chain
cd8ac60a-83af-43db-b4a3-fbf7d25fc1ea,Cold-chain
4b7ac448-2ef3-424e-b4bf-baad7e9c6560,Cold-chain
8effc0e5-63d0-4fd1-a9fb-5d9650c87b59,Cold-chain
f9dfd668-72e9-47d9-bcda-27bfbed31d1c,Cold-chain
18406385-93c6-4423-9939-eac2a78a71e0,Cold-chain
cb5c7ea7-13bc-4f17-9e59-17b8f47cc140,Cold-chain
e67bb5c9-a07f-4748-89b3-22f0d049ad47,Cold-chain
0aac5635-918a-452c-9a33-e13e52fd87b8,Cold-chain
2df30659-0928-4b0f-b5d1-c328bd09ad25,Cold-chain
00c65350-35de-4be0-ae23-ac5ddbaa0644,Care-package
2cf869cc-e19a-4eed-b2d4-ea645995f841,Cold-chain
e5b8c630-58b7-4af2-ba12-e6ab65c78c3b,Care-package
e85f4fd6-4bbc-4ef0-a858-8aada52268bd,Cold-chain
d84771f4-8538-4ebb-bf5f-efc2501d6572,Care-package
00be3000-f1a6-4480-9e47-2515f1fee8ec,Care-package
ca884771-5b12-4d31-87e1-aa8137eb3f3d,Care-package
695bca62-882e-43a3-a104-ea2d4f9b32a1,Cold-chain
c4af6101-d306-4f91-932e-bff5b6bc1f7d,Cold-chain
6682efde-0c75-4a4a-92c5-bbb5a1202bcf,Cold-chain
51365624-d361-40a4-8d83-301e44c53337,Cold-chain
1e326585-b73d-41dd-b0c8-1ee190f39cfe,Cold-chain
bd7efdb8-ffe7-4ac6-8c99-74afb9649720,Care-package
87d7a335-6b51-4c8a-9735-572d2562275d,Cold-chain
c7e975ff-7554-443c-8e3b-e96fe30fa089,Cold-chain
4f5cac6e-43eb-4235-a380-748ac395316c,Cold-chain
82170757-95ed-4ba5-b34c-a6576faadcb5,Care-package
6627c857-e26e-48e2-b616-f1c8016ff1d8,Care-package
66824ec4-c74b-4343-aa50-7307d33203f8,Cold-chain
34b29122-80ba-41f9-9354-be2c65b6b947,Care-package
9ee94471-bf61-4532-9eb1-cff6ba554a20,Cold-chain
852c71fc-262b-44c9-9570-5e853ff14443,Care-package
427838ca-f8f6-408f-a799-275d988688af,Cold-chain
7fba1a46-a905-4631-8364-1691744e330e,Cold-chain
3c9db52e-620e-4550-a640-13a86ea96cc5,Cold-chain
0722b614-7871-4bde-8829-34ed49dd7f89,Care-package
5db10737-48e1-4e4a-93de-4ac965516795,Cold-chain
540375ea-96b3-4592-919a-a19168896415,Care-package
36efde83-dd2a-41a3-a478-eefc28df3709,Cold-chain
72b2c232-c4a0-4a74-93c6-345c954d7c92,Cold-chain
f08405d7-741c-401c-970e-597b445ab659,Cold-chain
7f5a1498-461a-4636-9731-bdb0ce9588bf,Care-package
b038032f-89a3-4c7e-af99-82606a7418d6,Cold-chain
49cde23b-077f-4801-a2b4-785105793270,Care-package
bcc0d811-5c8c-4e1e-b02c-6475dd412225,Care-package
1ae8dc01-f24f-46d8-8274-12876ce7d799,Cold-chain
6a2f33c8-ae2b-4f73-bd43-d88ce2177c6d,Care-package
4fd1a4e4-6d9e-401b-80ab-09a85bcb9fd2,Care-package
dd993ace-7dc8-452c-9de0-0651315b2aa6,Cold-chain
200bcc62-03a8-4aed-8039-9c6137eb4740,Cold-chain
5db3d8b5-fed2-4295-b3e3-8d860f0d040e,Care-package
dad561b8-c83e-4761-9e98-5a40c77d287d,Cold-chain
153aaf10-823d-4e0f-857e-39ec39004a42,Cold-chain
6d3e9170-e1a9-4b2d-98ad-b9a07333a8d9,Care-package
ca0de0e4-d842-47a5-ab3e-872067a11c00,Cold-chain
a98a8258-a84c-446b-a271-9c9adbb1bca1,Care-package
f1279c87-fad3-4f5b-a79e-1ae7db13215a,Cold-chain
72d18518-67f0-4a81-bcb2-9e67d3249586,Cold-chain
2ef14dfe-3a6c-4dad-830a-aa07bd9bf9ae,Cold-chain
c5624fd4-fa85-4bcd-9825-25a33a9f1407,Care-package
ea63724f-41ad-4798-b8d8-3f23cf91ff2d,Cold-chain
92933b23-3224-4ce2-baae-980f83b9eea9,Cold-chain
726e8f3d-6ced-47b0-9a83-fe6d08d7fbea,Care-package
2dfc7959-cf34-4657-96af-50d37f73a0e3,Care-package
2ee4f13f-515a-4fb1-8528-34fb26eb2292,Cold-chain
6cf2fe4f-f292-4923-bd77-2b3043c0c56e,Cold-chain
85bf2078-fa21-4740-945a-90adcc2dada9,Care-package
135f1ff2-4460-42f0-b48b-cc42716baba3,Cold-chain
279ad5c5-ca13-4049-b726-112ea337002b,Cold-chain
96d075ea-d5e2-4bbf-868c-a17541a9db6d,Cold-chain
9fe12420-d341-419a-bde1-2ab64fb05104,Cold-chain
5a58eca5-0d94-40b6-b62e-ed5d72691afe,Care-package
b933fdab-a5fb-4554-b649-32e0f8be4ad5,Care-package
226cd2f8-256f-4a0a-b553-4da1ea7b3e3a,Cold-chain
e85c942a-f49e-4928-9f22-b4d4c0127ea2,Care-package
95a47d2f-964d-4153-bb80-a4d8bdd41f5b,Cold-chain
c1d0c3b1-8752-4330-b80c-2e9181dd2ad7,Cold-chain
900c9a54-a573-42d7-9ed3-56dda520799b,Care-package
a2389434-bcc3-401e-a315-a66d910c6b2d,Cold-chain
aa8d747c-9d65-407f-9fe8-82594b9a5ea4,Cold-chain
9cad2095-b32b-42ec-aeb5-ec00337f5038,Care-package
1a766cf8-d586-4165-9cf6-2b508bc73875,Cold-chain
75097ad4-90ef-4312-9c47-87e8078bd97f,Cold-chain
6e3013bd-8f56-45de-9b6d-fff7857bd1e8,Cold-chain
44d3fa79-1399-4f63-b574-5bfe108254bd,Care-package
0b2a8c6f-c132-43f2-b2b1-f6626bcda784,Care-package
a3adbd9c-e93f-409b-95f3-7d8c36d83536,Cold-chain
4fb2d5ef-7a44-4c60-bdf4-cd85cf3498b7,Cold-chain
6095ad78-7742-4504-8c8e-c2bc5d658659,Cold-chain
8e0e4362-a11e-4b9d-b8a8-53862f3e74a5,Care-package
c58031e4-10be-403d-a572-901c09e83253,Cold-chain
c69fe06b-8f56-4184-ba10-9dca59f6288d,Cold-chain
97829c9f-9a25-44be-b7d8-5f5f433b12a5,Cold-chain
4fda5c2d-cf6d-4ee2-b8af-3e8b31eaad17,Care-package
86745f36-459d-4904-9ec1-9a919add1feb,Cold-chain
f96ffdc7-79f2-46b7-bd04-6e84916cac56,Cold-chain
3f1637db-3681-4589-a5a5-cfea037cc2d9,Cold-chain
1b603370-c71f-4c82-93e8-a7b1a2c46bc5,Care-package
649534e8-2e4e-442e-9bff-9b7fc02cfdbe,Cold-chain
34df8ab1-6581-4598-a1f2-9d09ab1f699b,Cold-chain
2f6f63fa-86c3-4ed4-9152-cefcc98c6455,Care-package
2e7bba4a-8d93-4625-87b5-5889d22b4039,Cold-chain
9458ae3a-8e0e-47f8-b3f5-e922f63feb41,Care-package
0b3a08e1-2fd6-47c7-a826-1d1759a8a298,Cold-chain
9866ef0d-0188-4ad2-923b-28aae29b0d8a,Cold-chain
b5b8f1a8-d507-44dc-b0ec-98c66c824c60,Cold-chain
cd7d36a4-86b2-4968-b7c0-16dde366cc10,Cold-chain
6c01ae11-89db-4e8f-8b73-2d9ccda6a137,Cold-chain
f50a7538-366f-4f92-bca6-12638964f3bd,Cold-chain
b5095b4d-19b0-43a5-b0e2-76322b42e361,Cold-chain
3dab0514-bdc6-4bfe-8145-771092e07828,Cold-chain
c1e4a857-9536-473b-a3cf-228e45fcab75,Cold-chain
30e09a09-c133-4cbe-81c9-19f7eb39916a,Cold-chain
38bac6ae-2950-4201-adda-a813d912f118,Cold-chain
f25cc181-a195-48b3-9347-062df55ee892,Cold-chain
9944209e-9ce7-4ef0-9096-bb49f3f96535,Care-package
b7fa29b4-38f0-446c-89f4-0fe82036d85c,Cold-chain
a1d846cf-aa7c-4978-85b1-5929d71957ce,Cold-chain
46a6ccfc-a98e-4424-8c0d-2169fcc029e5,Cold-chain
fac0d0ec-07fb-4696-8dc8-a885c6e48979,Care-package
9e9345cb-fd05-4ae7-8fe5-526ad9289b94,Care-package
0adfc59b-305b-4f76-b2a7-9c07e59277a9,Cold-chain
f7b35c2e-8855-475e-97e6-3f49123e3fc2,Cold-chain
792b476b-b33a-4a3d-9cd7-83ed946e95a6,Cold-chain
062334ec-467b-41ec-b054-3b123c1c2615,Cold-chain
8830e6fb-18a0-47a2-bee3-215b06ac7fdf,Cold-chain
2117f553-9661-4c98-87de-84a3bc271d71,Care-package
e3d14b60-9e37-45fe-9934-ad655ec365d9,Care-package
5bb638f0-560e-4316-abd2-904706c665f5,Cold-chain
43de941b-1295-4eb9-9d24-ecad7f3e8199,Cold-chain
e0f9c715-d45b-493e-9fa3-c707cf05dcd4,Care-package
66730f11-0775-4fa6-9d61-a4af79d0f802,Cold-chain
1883ab5b-d078-469f-899e-2144df74a543,Cold-chain
e8b2d4e8-2240-40a3-9b01-a733b8a0ed86,Care-package
518704e2-6419-4d38-bdc4-9fb18c37a9d4,Cold-chain
6d92e636-6f08-484d-a079-0c6d809a10cb,Care-package
7e982f54-10aa-4b2b-ae20-4def10eff464,Care-package
372bb90f-2a50-44e4-ad5b-44121f58a91e,Cold-chain
11600f31-e5ee-4a02-acc6-f77011784136,Care-package
0e223bdf-9fa0-41f5-a8dc-23b1f47ce357,Cold-chain
0958c41f-a8fb-402b-b581-854f628a30c3,Cold-chain
2a2ff503-c362-442d-b0d7-9f93264f153b,Care-package
cf5a9ea3-1713-4993-854f-a4943ef1809b,Care-package
175a91b5-16f1-429d-936a-776e4ba22ae3,Care-package
319aa4f6-a8ff-49bf-af43-4d3880bda8ac,Cold-chain
17758a21-1c2c-4757-9d2d-c7880d21fcca,Cold-chain
ac06a2ef-2171-41b0-92bb-3f6367a583f8,Care-package
31c41048-4e02-4f3b-9a1f-6a3e61e502e0,Cold-chain
8fe059ff-7065-4a71-ac8a-90e43a3227d9,Cold-chain
34188d3f-2bd1-4420-bef8-21a59063141d,Care-package
4525c5e4-7dfb-4bf7-bd08-c54c40cb86ce,Cold-chain
b883a7b6-0727-4b89-bbb7-92324b24d038,Care-package
e1e79807-0269-4e60-9c57-5e30b1d18eb3,Care-package
30fc5966-1f86-4aff-8fd1-f23419aa6d70,Care-package
a232c536-d2a3-4d06-afe6-7b454d82ed14,Care-package
188601d0-9b21-4ae8-adfd-a1ba1bad53cd,Cold-chain
98b8a7fb-9251-4bc2-836d-8516ac06300f,Cold-chain
0d043b0f-d904-4806-a389-ac5d653d4d79,Cold-chain
0ded87cf-c7e4-4759-8b12-fc524872e955,Cold-chain
c4dbd833-a49f-4f21-b64f-eabeec25de05,Cold-chain
1eafa648-7f0c-481a-a7f2-8bdb439f79d6,Cold-chain
3aa2cdc7-6557-4ce1-b426-1e8119ddb451,Cold-chain
db013a47-2539-4db1-9665-d300480146ef,Cold-chain
ef228328-7408-49a6-b52b-ed9ab0adb88e,Cold-chain
7bbaec57-743d-4cd1-8d1e-a826202c7866,Care-package
f2a83d2a-0f12-44df-84fb-c87e8c1fe391,Cold-chain
766b728b-3c14-4eaa-ae7a-77a814c5c762,Care-package
37c93c83-1f21-48ad-9a61-3d48b1d7952c,Cold-chain
6c6ebfbf-6bea-4748-bd4d-a9fe463692ac,Cold-chain
7925efb4-b407-407b-a56d-a6de2c637f95,Cold-chain
c53a65f1-67b3-4550-ac29-8b67356f6b84,Care-package
8fea2e9d-fbe5-455e-b1fc-d97db6750dcd,Care-package
d5384c4a-7edb-425f-a28a-9dddc1fd035e,Cold-chain
263423c6-ee53-44d6-a598-e5b9bb71888d,Cold-chain
00c5c595-ef3e-42c2-8849-f76162b31c7b,Cold-chain
6d47b7d2-3d2f-4cbe-b099-55f439ec20ed,Cold-chain
27986d9a-b8a9-4392-a334-8c03e0c95be1,Cold-chain
eab148ae-b82c-4f7d-94e2-aabe32000b9a,Cold-chain
833fc827-4d36-49f9-aa1d-c2e6a2d3b6be,Care-package
73eda91f-80a5-4efe-89df-2457b8b5e935,Care-package
d89281f5-711a-4dd3-873c-0a437b841e5c,Care-package
34e2a3c3-b4ad-4983-b4c6-3a13ab00fefc,Cold-chain
b9ce6da4-bff3-479d-b3bc-0716142b9ad7,Cold-chain
e64e14ee-9e4a-40b9-b83d-9730764eea5a,Care-package
deed9eed-4d9e-4ac7-9a76-93c5fbb87587,Cold-chain
20c5fcb9-a141-469e-84d4-e7af432acd0c,Care-package
8fc12db4-7289-4100-88d0-60061c1ff8ee,Care-package
2db9a778-d2fc-4980-b1ad-35bf912d9e8a,Care-package
aabc9b5e-0f9e-430a-b23d-c3bfbae92c0f,Cold-chain
b0152be8-3a44-48e0-8d23-160aa352920b,Cold-chain
0dae9186-95d2-4838-82db-84bb1af0954a,Care-package
858e8738-6c78-4470-a365-7c0916cba978,Care-package
1e2aecb5-2cbc-4f18-8cb5-b423888cc5b2,Cold-chain
3ae4c005-724b-403a-9757-a909a750b6c6,Cold-chain
d43c4933-2021-402c-859a-8fa2b97ed6af,Cold-chain
e04bf08f-ed06-47c6-bdf4-6a5f597dae3d,Cold-chain
342010be-ef53-4e98-9a3d-e8937d60950d,Care-package
f4f7f4d5-4f9a-4a63-878a-cbe0bc0d2ba9,Care-package
b1dea911-f5c6-4df4-8f51-b70fa73c4b7c,Cold-chain
17388b0f-91af-4470-8de8-f109b1e0a195,Care-package
21d10a65-84f8-43e2-bd98-7c25ce25dd8e,Care-package
c01c3e90-dd3a-47e5-85c5-73499d05acd5,Cold-chain
40263d4f-1aec-43f8-b1dd-4b3042de3faa,Care-package
3dc86cab-6dbd-4603-b2ea-750cfc43977c,Care-package
d1154a7f-82c2-4655-801b-f7d1512e35bd,Care-package
c1f9fc04-a48c-47c9-859f-e9d54593d76a,Cold-chain
9dfcdf72-03fa-4670-97b1-ebc4e51a08a6,Care-package
7de36840-1cff-459d-85bc-a1ba760799cf,Cold-chain
d85372d9-dc4d-4526-95af-f81524c870ae,Cold-chain
604b3375-ae9b-45c9-abd9-31e2431a39b1,Cold-chain
77ca74f6-581e-4ed1-9d97-130c045fadc5,Cold-chain
2d3fa27f-930b-4755-81fa-1396f752bdf2,Cold-chain
ed8e4f7d-3e25-4b41-be65-ce7fdee23c9d,Cold-chain
a01cfdac-a35c-4f4a-9b61-7c6e535b443f,Care-package
9008bdcc-b2ef-49ec-97ec-f6a6732b622b,Cold-chain
e1489e62-ff50-499c-a20d-51c73c1588ff,Care-package
8d27d9d3-a6d1-41db-8609-a7a3361d6656,Cold-chain
621c3343-dfba-4950-a035-20912696d8b0,Cold-chain
c05284fc-bc8a-4861-8306-d6877bc7fd4f,Cold-chain
bef31a6d-ec3c-4d25-b809-7adf9f2bf6e5,Cold-chain
dde90f5a-005c-4729-b909-7832eb1933de,Cold-chain
1e462636-3d26-4755-81c7-b481548c576c,Cold-chain
0e7b7e64-2a10-4451-b832-39856cbb76d3,Care-package
d9ddc797-2ff2-4cdc-ad54-2ae2fe094d7d,Cold-chain
76062ece-e170-4600-9628-93ca59dd3ac7,Cold-chain
b99ec51f-8ca0-4bfd-b00d-f558bcae2a65,Cold-chain
525cf021-7643-4c20-bd71-d6d78d05148a,Care-package
2e971b86-2a38-449f-b5d9-b6ae61a27072,Cold-chain
d8c30c6f-bf09-4b6c-a345-f05434a1f193,Cold-chain
f6c12f21-c34c-4e17-8407-30e4ec82d988,Cold-chain
bab6fd91-5f19-41b4-aa94-5ac9255f3caa,Cold-chain
19df788a-404b-4fe6-bb0d-fad6ac6bbfc9,Cold-chain
f04a0b5d-6449-427f-a5a8-ad9305d7fd02,Cold-chain
ae1a397c-ce15-40b6-9441-dd380ccdd963,Cold-chain
312f8a12-b3b1-477e-861e-5259e27970d7,Cold-chain
fe3177e1-3d51-4718-9c62-fa296338df8c,Cold-chain
8b6f2fe7-6192-43a6-8785-05f5ca25c842,Care-package
1260ee67-01a7-439b-b439-f95808d97c97,Care-package
69ec8438-bb2e-48db-b122-6325b2fbc411,Cold-chain
8c4fa00f-2bda-443c-b3ef-a28cb3e8c1d8,Cold-chain
f6f2987b-951c-45cb-a7fe-abbd40b37608,Cold-chain
850b46f3-35af-4874-b717-a569988336aa,Cold-chain
a0394cef-6221-4586-91a0-6c96c7c78cb6,Cold-chain
ce266691-6382-45e5-8642-0906e08b371a,Care-package
4c0eb73c-392e-4982-89de-eb307a340dee,Care-package
9aa48a79-0a1e-4694-8185-c0712f667915,Cold-chain
8771c999-7abd-471c-8f0a-4725f5c26ad6,Care-package
67b509de-5189-4f12-8be5-864163f8719f,Cold-chain
7e02fa53-b0e2-4894-9b24-1c3c960d679f,Care-package
624c3d1b-748a-4844-8213-b2b22509e9cd,Care-package
c7e59ff7-f0e8-49c4-8bc5-0844d100abcc,Cold-chain
40ec8c40-3531-4b82-b7a0-12ac13e96ed9,Cold-chain
784773ab-dbd1-40ea-9a8e-7620e7fc58dc,Cold-chain
bf7322d5-b99a-491a-b8d7-1b92588c553b,Cold-chain
a3662b0b-96fc-41a6-9269-80c8d256269b,Cold-chain
109f6ad9-d0b8-47f2-9547-81a15c803133,Cold-chain
3d092133-0e5b-4b42-809a-a6aa33083fe1,Cold-chain
5ac6dcb8-b2f0-4acd-a286-0a8e64c38d49,Cold-chain
35822525-776f-4698-bdee-b442cbecc33b,Cold-chain
ed6f965d-4222-4acf-8ffe-8e84981587a3,Cold-chain
d4f64767-027e-47cd-9afc-4b847f8db1ed,Cold-chain
c96bfefb-1799-4c42-99c8-2d3f3e537ddd,Cold-chain
6ea740f7-91e2-45a1-b735-4ef6de613f63,Cold-chain
a46ed4a4-4787-47ae-b92c-025a8b1bcf1a,Cold-chain
8b79b8f8-3c2d-48c3-89a3-f0e90ac8e0a9,Cold-chain
85479ffb-1c9e-4f8e-b1cc-5795fa139129,Cold-chain
02d2fed9-2703-43a7-b11d-e26e2ed622e1,Cold-chain
84602162-969d-44e7-9ebd-16785036b3f7,Care-package
005d1e6a-fe0a-4409-87c2-4684219dcd96,Cold-chain
da0ad025-e05a-4624-99e2-d699fa513aae,Care-package
9ea02ab6-32e3-4a48-a7c0-c180c8044a73,Cold-chain
3e3fc3ac-5eab-472a-b6c4-c862c9830022,Cold-chain
2390148e-7042-486c-8000-579f96fadbe9,Cold-chain
00e6139a-d08f-4c11-bd0e-2075f2684ac1,Cold-chain
4cb51185-2f56-4e08-8d83-e8d82be8607f,Cold-chain
aa5de41d-4272-4f80-9fcc-f06b8a3242d2,Cold-chain
bff5c80d-0bcf-43e0-9e40-36c7705a9021,Cold-chain
92278314-cef1-4c4b-bc40-c37234723993,Cold-chain
b4a51f71-f209-456d-948c-45276fe1c344,Cold-chain
4418e699-c3d4-489f-a65d-101bc9e584ec,Care-package
f03fc330-ee38-4cd0-8c81-eb8b49be08f1,Care-package
354c4fff-c8cd-451b-886f-2485d1a0210b,Care-package
17317f31-fd9b-4ccf-a2c9-648b3eca340f,Cold-chain
81ac5340-7d29-450a-86e7-dd863ed620be,Cold-chain
0b4ce86f-a655-40a3-b736-60ccac51e2bb,Care-package
a09e9ffd-5871-4048-8eae-09068a32e90e,Cold-chain
76e2948c-9376-47c9-bf3b-adb9372eec23,Care-package
0fc1250b-b4c5-404c-8ddd-7e97ba0f38ca,Care-package
3be72d6c-4535-47bb-8d1c-7377b0824ef3,Cold-chain
2ba73f27-80af-4a60-8992-945c598ab4a8,Cold-chain
b405658a-b2c1-4b21-bbf6-6358ca579382,Care-package
308cabcf-99b8-4c4b-a052-c07948be2a4a,Care-package
578b811d-0eb4-4663-b7c9-961ef0c8886b,Cold-chain
d74fd64f-4ec1-430c-971c-655f6e3a0535,Cold-chain
3231d7a9-734f-4676-9e6e-4490877ff9b1,Cold-chain
1ad74bd9-53ce-457f-9aa8-7b75a30933a1,Care-package
c7b4bbcd-c2bf-4a13-aa9b-b1ec1510ce40,Cold-chain
c6507de6-5ae0-4f13-9321-b62686034240,Cold-chain
36916c24-ed14-4c07-b71a-fbe09ecbc8dd,Cold-chain
5c102738-d487-48cb-b1ca-22e289edf943,Cold-chain
4d7746a2-6f4f-4a74-ab2c-e79c56c81b39,Care-package
d55fe20e-ff0d-4b41-8cc3-52556f234128,Cold-chain
edd4d819-e504-4416-92f6-06a0b3cc9eb0,Cold-chain
a36c60b1-add0-4e16-9c7a-af09ed29cffc,Cold-chain
1631467c-eee8-4fd1-9379-932401d7a410,Cold-chain
8dfff804-b787-4420-bcba-a831ea04dd8b,Cold-chain
0e97a46a-0054-40f9-a913-d9ba036f2b46,Cold-chain
7b62ceed-31d1-42d4-944e-491c418be86b,Cold-chain
7f0ca6a9-7ada-440c-b09b-8820ec1d7576,Care-package
8c65db2c-5c96-4841-84b1-f9c783f8d5ff,Cold-chain
332e2c24-9b0b-45af-81f4-3a372c263068,Care-package
a3e0dad5-0c55-400a-b210-ba3b205a1b94,Care-package
04f31add-e700-483b-b758-23e06dc215ed,Care-package
5de1377c-a725-4832-a0e8-d585ee9ea953,Care-package
a4be5ae3-d252-455a-aabd-fcaaca482826,Cold-chain
f63947a1-4d18-4213-b032-0b6f21451b35,Cold-chain
7223def1-9f4b-4d9b-9a13-762aafd96f5b,Cold-chain
547f3cd8-b630-4441-844e-a363427ccbea,Cold-chain
797e6890-72ba-4273-9f54-e5644ae0b05d,Cold-chain
f6f7827a-0e24-42da-8445-a002e6345cab,Cold-chain
9d31035f-4e40-4872-aaff-c508d1493cee,Care-package
05e80585-9fbb-414f-82e3-09a6ccbd452c,Cold-chain
57570b16-8227-4b8c-bf32-6d967af1a4c0,Care-package
9371f6ef-15bd-4155-8d7d-933e315acab0,Care-package
84b6839a-e8d7-4cee-aacb-2a0b2c22400b,Cold-chain
8b5aaa68-502d-40a0-8e16-f95e9db24a65,Cold-chain
bd6cd860-17cb-42f9-be52-e835530840c9,Care-package
c7442783-df0c-49ac-b988-bba25ea61ab5,Cold-chain
a3fc577f-ba78-4be3-a8bb-e3b9c937439b,Cold-chain
11ff7b25-7b8e-4a8d-af38-81b3c3583b4d,Care-package
b625bb6c-0733-47bf-a9fc-73b7db7f9030,Cold-chain
